// This file was generated by LVGL Image converter
// LVGL version: 9.1.0
// Project name: TemcoProject

#include "ui.h"

#ifndef LV_ATTRIBUTE_MEM_ALIGN
    #define LV_ATTRIBUTE_MEM_ALIGN
#endif

const LV_ATTRIBUTE_MEM_ALIGN uint8_t ui_img_wifisym_0_png_data[]  = {
  0x00, 0x00, 0x00, 0x00, 0x00, 0x00, 0x00, 0x00, 0x00, 0x00, 0x00, 0x00, 0x00, 0x00, 0x00, 0x00, 0x00, 0x00, 0x00, 0x00, 0x00, 0x00, 0x00, 0x00, 0x00, 0x00, 0x00, 0x00, 0x00, 0x00, 0x00, 0x00, 0x00, 0x00, 0x00, 0x00, 0x00, 0x00, 0x00, 0x00, 0x00, 0x00, 0x00, 0x00, 0x00, 0x00, 0x00, 0x00, 0x00, 0x00, 0x00, 0x00, 0x00, 0x00, 0x00, 0x00, 0x00, 0x00, 0x00, 0x00, 0x00, 0x00, 0x00, 0x00, 0x00, 0x00, 0x00, 0x00,
  0x00, 0x00, 0x00, 0x00, 0x00, 0x00, 0x00, 0x00, 0x00, 0x00, 0x00, 0x00, 0x00, 0x00, 0x00, 0x00, 0x00, 0x00, 0x00, 0x00, 0x00, 0x00, 0x00, 0x00, 0x00, 0x00, 0x00, 0x00, 0x00, 0x00, 0x00, 0x00, 0x00, 0x00, 0x00, 0x00, 0x00, 0x00, 0x00, 0x00, 0x00, 0x00, 0x00, 0x00, 0x00, 0x00, 0x00, 0x00, 0x00, 0x00, 0x00, 0x00, 0x00, 0x00, 0x00, 0x00, 0x00, 0x00, 0x00, 0x00, 0x00, 0x00, 0x00, 0x00, 0x00, 0x00, 0x00, 0x00,
  0x00, 0x00, 0x00, 0x00, 0x00, 0x00, 0x00, 0x00, 0x00, 0x00, 0x00, 0x00, 0x00, 0x00, 0x00, 0x00, 0x00, 0x00, 0x00, 0x00, 0xff, 0xff, 0xd3, 0x9c, 0x8e, 0x73, 0x0c, 0x63, 0x49, 0x4a, 0x49, 0x4a, 0xc7, 0x39, 0xa7, 0x39, 0x49, 0x4a, 0x49, 0x4a, 0xcb, 0x5a, 0x4d, 0x6b, 0x31, 0x8c, 0xff, 0xff, 0x00, 0x00, 0x00, 0x00, 0x00, 0x00, 0x00, 0x00, 0x00, 0x00, 0x00, 0x00, 0x00, 0x00, 0x00, 0x00, 0x00, 0x00, 0x00, 0x00,
  0x00, 0x00, 0x00, 0x00, 0x00, 0x00, 0x00, 0x00, 0x00, 0x00, 0x00, 0x00, 0x00, 0x00, 0x00, 0x00, 0x92, 0x94, 0xaa, 0x52, 0x08, 0x42, 0x66, 0x31, 0x45, 0x29, 0x04, 0x21, 0xe4, 0x20, 0xc3, 0x18, 0xe3, 0x18, 0xe3, 0x18, 0xc3, 0x18, 0xe3, 0x18, 0x04, 0x21, 0x25, 0x29, 0x65, 0x29, 0xe7, 0x39, 0x8a, 0x52, 0x31, 0x8c, 0x00, 0x00, 0x00, 0x00, 0x00, 0x00, 0x00, 0x00, 0x00, 0x00, 0x00, 0x00, 0x00, 0x00, 0x00, 0x00,
  0x00, 0x00, 0x00, 0x00, 0x00, 0x00, 0x00, 0x00, 0x00, 0x00, 0x00, 0x00, 0x8e, 0x73, 0x08, 0x42, 0x66, 0x31, 0x04, 0x21, 0xc3, 0x18, 0xc3, 0x18, 0xc3, 0x18, 0xc3, 0x18, 0xc3, 0x18, 0xe3, 0x18, 0xe4, 0x20, 0xe4, 0x20, 0xe3, 0x18, 0xc3, 0x18, 0xc3, 0x18, 0xc3, 0x18, 0xc3, 0x18, 0xc3, 0x18, 0xe4, 0x20, 0x65, 0x29, 0x08, 0x42, 0x4d, 0x6b, 0xff, 0xff, 0x00, 0x00, 0x00, 0x00, 0x00, 0x00, 0x00, 0x00, 0x00, 0x00,
  0x00, 0x00, 0x00, 0x00, 0x00, 0x00, 0x00, 0x00, 0x31, 0x8c, 0x49, 0x4a, 0x45, 0x29, 0xe3, 0x18, 0xc3, 0x18, 0xc3, 0x18, 0xe3, 0x18, 0x24, 0x21, 0x66, 0x31, 0xc7, 0x39, 0x08, 0x42, 0x8a, 0x52, 0x49, 0x4a, 0x28, 0x42, 0x6a, 0x52, 0x08, 0x42, 0x86, 0x31, 0x86, 0x31, 0x25, 0x29, 0xe3, 0x18, 0xc3, 0x18, 0xc3, 0x18, 0xc3, 0x18, 0x45, 0x29, 0x08, 0x42, 0xaf, 0x7b, 0x00, 0x00, 0x00, 0x00, 0x00, 0x00, 0x00, 0x00,
  0x00, 0x00, 0x00, 0x00, 0xff, 0xff, 0xcb, 0x5a, 0x66, 0x31, 0xe3, 0x18, 0xe3, 0x18, 0xc3, 0x18, 0xe4, 0x20, 0x66, 0x31, 0x28, 0x42, 0x0c, 0x63, 0xb3, 0x9c, 0xff, 0xff, 0x00, 0x00, 0x00, 0x00, 0x00, 0x00, 0x00, 0x00, 0x00, 0x00, 0x00, 0x00, 0xff, 0xff, 0x14, 0xa5, 0x4d, 0x6b, 0x29, 0x4a, 0x86, 0x31, 0x04, 0x21, 0xc3, 0x18, 0xe3, 0x18, 0xc3, 0x18, 0x45, 0x29, 0x8a, 0x52, 0xff, 0xff, 0x00, 0x00, 0x00, 0x00,
  0x00, 0x00, 0x96, 0xb5, 0x28, 0x42, 0x24, 0x21, 0xc3, 0x18, 0xc3, 0x18, 0xe4, 0x20, 0x86, 0x31, 0xaa, 0x52, 0x72, 0x94, 0x00, 0x00, 0x00, 0x00, 0x00, 0x00, 0x00, 0x00, 0x00, 0x00, 0x00, 0x00, 0x00, 0x00, 0x00, 0x00, 0x00, 0x00, 0x00, 0x00, 0x00, 0x00, 0x00, 0x00, 0x00, 0x00, 0x00, 0x00, 0x75, 0xad, 0xeb, 0x5a, 0xa6, 0x31, 0x04, 0x21, 0xc3, 0x18, 0xc3, 0x18, 0x04, 0x21, 0x08, 0x42, 0xb3, 0x9c, 0x00, 0x00,
  0xcf, 0x7b, 0xc7, 0x39, 0xe4, 0x20, 0xe3, 0x18, 0xc3, 0x18, 0x45, 0x29, 0x69, 0x4a, 0xf3, 0x9c, 0x00, 0x00, 0x00, 0x00, 0x00, 0x00, 0x00, 0x00, 0x00, 0x00, 0x1c, 0xe7, 0x71, 0x8c, 0x4d, 0x6b, 0x8e, 0x73, 0x8e, 0x73, 0xab, 0x5a, 0x31, 0x8c, 0xfc, 0xe6, 0x00, 0x00, 0x00, 0x00, 0x00, 0x00, 0x00, 0x00, 0x00, 0x00, 0x18, 0xc6, 0x8a, 0x52, 0x45, 0x29, 0xe3, 0x18, 0xe3, 0x18, 0xe3, 0x18, 0xa7, 0x39, 0x51, 0x8c,
  0xab, 0x5a, 0xe3, 0x18, 0xe3, 0x18, 0xe3, 0x18, 0x86, 0x31, 0x4d, 0x6b, 0x00, 0x00, 0x00, 0x00, 0x00, 0x00, 0x00, 0x00, 0x96, 0xb5, 0x0c, 0x63, 0x49, 0x4a, 0xa6, 0x31, 0x66, 0x31, 0x45, 0x29, 0x45, 0x29, 0x45, 0x29, 0x25, 0x29, 0x66, 0x31, 0xa6, 0x31, 0x08, 0x42, 0xec, 0x62, 0x92, 0x94, 0x00, 0x00, 0x00, 0x00, 0x00, 0x00, 0x00, 0x00, 0xae, 0x73, 0xa7, 0x39, 0xe3, 0x18, 0xe3, 0x18, 0xc3, 0x18, 0x49, 0x4a,
  0xeb, 0x5a, 0xe4, 0x20, 0xe4, 0x20, 0xa7, 0x39, 0xef, 0x7b, 0x00, 0x00, 0x00, 0x00, 0x00, 0x00, 0x92, 0x94, 0x8a, 0x52, 0x86, 0x31, 0x04, 0x21, 0xc3, 0x18, 0xc3, 0x18, 0xc3, 0x18, 0xc3, 0x18, 0xc3, 0x18, 0xc3, 0x18, 0xc3, 0x18, 0xc3, 0x18, 0xc3, 0x18, 0xc3, 0x18, 0x04, 0x21, 0x66, 0x31, 0x49, 0x4a, 0x71, 0x8c, 0x00, 0x00, 0x00, 0x00, 0x00, 0x00, 0x35, 0xad, 0xe8, 0x41, 0x04, 0x21, 0xe3, 0x18, 0x49, 0x4a,
  0xd3, 0x9c, 0x6a, 0x52, 0x69, 0x4a, 0x55, 0xad, 0x00, 0x00, 0x00, 0x00, 0x00, 0x00, 0xcb, 0x5a, 0x86, 0x31, 0xe4, 0x20, 0xc3, 0x18, 0xc3, 0x18, 0xc3, 0x18, 0x04, 0x21, 0x45, 0x29, 0x86, 0x31, 0x86, 0x31, 0x86, 0x31, 0x86, 0x31, 0x45, 0x29, 0x04, 0x21, 0xc3, 0x18, 0xc3, 0x18, 0xc3, 0x18, 0xe3, 0x18, 0x86, 0x31, 0xaa, 0x52, 0xff, 0xff, 0x00, 0x00, 0x00, 0x00, 0xff, 0xff, 0x69, 0x4a, 0x49, 0x4a, 0xd3, 0x9c,
  0x00, 0x00, 0x00, 0x00, 0x00, 0x00, 0x00, 0x00, 0x00, 0x00, 0x55, 0xad, 0x08, 0x42, 0x24, 0x21, 0xc3, 0x18, 0xe3, 0x18, 0xe3, 0x18, 0x45, 0x29, 0xe8, 0x41, 0xcb, 0x5a, 0xae, 0x73, 0x34, 0xa5, 0x79, 0xce, 0x18, 0xc6, 0x55, 0xad, 0xaf, 0x7b, 0xec, 0x62, 0x28, 0x42, 0x65, 0x29, 0xe4, 0x20, 0xe3, 0x18, 0xc3, 0x18, 0x04, 0x21, 0xe7, 0x39, 0x10, 0x84, 0x00, 0x00, 0x00, 0x00, 0x00, 0x00, 0x00, 0x00, 0x00, 0x00,
  0x00, 0x00, 0x00, 0x00, 0x00, 0x00, 0x00, 0x00, 0xd3, 0x9c, 0xc7, 0x39, 0xe4, 0x20, 0xe3, 0x18, 0xc3, 0x18, 0x45, 0x29, 0x49, 0x4a, 0xcf, 0x7b, 0xff, 0xff, 0x00, 0x00, 0x00, 0x00, 0x00, 0x00, 0x00, 0x00, 0x00, 0x00, 0x00, 0x00, 0x00, 0x00, 0x00, 0x00, 0x00, 0x00, 0x51, 0x8c, 0x29, 0x4a, 0x45, 0x29, 0xc3, 0x18, 0xe3, 0x18, 0xe3, 0x18, 0xc7, 0x39, 0x10, 0x84, 0x00, 0x00, 0x00, 0x00, 0x00, 0x00, 0x00, 0x00,
  0x00, 0x00, 0x00, 0x00, 0x00, 0x00, 0x00, 0x00, 0x8a, 0x52, 0x24, 0x21, 0xc3, 0x18, 0xe3, 0x18, 0xa6, 0x31, 0x8e, 0x73, 0x00, 0x00, 0x00, 0x00, 0x00, 0x00, 0x00, 0x00, 0x00, 0x00, 0xff, 0xff, 0x3d, 0xef, 0xb6, 0xb5, 0xff, 0xff, 0x00, 0x00, 0x00, 0x00, 0x00, 0x00, 0x00, 0x00, 0x00, 0x00, 0x6e, 0x73, 0xa7, 0x39, 0xe3, 0x18, 0xe3, 0x18, 0x04, 0x21, 0x69, 0x4a, 0x00, 0x00, 0x00, 0x00, 0x00, 0x00, 0x00, 0x00,
  0x00, 0x00, 0x00, 0x00, 0x00, 0x00, 0x00, 0x00, 0x8e, 0x73, 0xa6, 0x31, 0x24, 0x21, 0xa7, 0x39, 0xb2, 0x94, 0x00, 0x00, 0x00, 0x00, 0x00, 0x00, 0xbe, 0xf7, 0x2c, 0x63, 0x49, 0x4a, 0xc7, 0x39, 0xa6, 0x31, 0x65, 0x29, 0xc7, 0x39, 0x6a, 0x52, 0x0c, 0x63, 0x59, 0xce, 0x00, 0x00, 0x00, 0x00, 0x00, 0x00, 0x55, 0xad, 0x08, 0x42, 0x45, 0x29, 0x86, 0x31, 0x4d, 0x6b, 0x00, 0x00, 0x00, 0x00, 0x00, 0x00, 0x00, 0x00,
  0x00, 0x00, 0x00, 0x00, 0x00, 0x00, 0x00, 0x00, 0x00, 0x00, 0xcf, 0x7b, 0x8e, 0x73, 0xb3, 0x9c, 0x00, 0x00, 0x00, 0x00, 0x00, 0x00, 0xec, 0x62, 0xc7, 0x39, 0x25, 0x29, 0xe3, 0x18, 0xc3, 0x18, 0xc3, 0x18, 0xc3, 0x18, 0xc3, 0x18, 0xe3, 0x18, 0x24, 0x21, 0xa6, 0x31, 0xcb, 0x5a, 0xff, 0xff, 0x00, 0x00, 0x00, 0x00, 0xff, 0xff, 0xaf, 0x7b, 0xcf, 0x7b, 0x00, 0x00, 0x00, 0x00, 0x00, 0x00, 0x00, 0x00, 0x00, 0x00,
  0x00, 0x00, 0x00, 0x00, 0x00, 0x00, 0x00, 0x00, 0x00, 0x00, 0x00, 0x00, 0x00, 0x00, 0x00, 0x00, 0x00, 0x00, 0x96, 0xb5, 0x08, 0x42, 0x24, 0x21, 0xc3, 0x18, 0xe3, 0x18, 0xc3, 0x18, 0xe4, 0x20, 0x24, 0x21, 0x24, 0x21, 0xe4, 0x20, 0xc3, 0x18, 0xc3, 0x18, 0xc3, 0x18, 0x24, 0x21, 0xe8, 0x41, 0xf0, 0x83, 0x00, 0x00, 0x00, 0x00, 0x00, 0x00, 0x00, 0x00, 0x00, 0x00, 0x00, 0x00, 0x00, 0x00, 0x00, 0x00, 0x00, 0x00,
  0x00, 0x00, 0x00, 0x00, 0x00, 0x00, 0x00, 0x00, 0x00, 0x00, 0x00, 0x00, 0x00, 0x00, 0x00, 0x00, 0xff, 0xff, 0x29, 0x4a, 0xe4, 0x20, 0xe3, 0x18, 0xc3, 0x18, 0x25, 0x29, 0xe7, 0x39, 0x6a, 0x52, 0x6d, 0x6b, 0x6d, 0x6b, 0xaa, 0x52, 0xe7, 0x39, 0x45, 0x29, 0xc3, 0x18, 0xe3, 0x18, 0xe3, 0x18, 0xc7, 0x39, 0x35, 0xad, 0x00, 0x00, 0x00, 0x00, 0x00, 0x00, 0x00, 0x00, 0x00, 0x00, 0x00, 0x00, 0x00, 0x00, 0x00, 0x00,
  0x00, 0x00, 0x00, 0x00, 0x00, 0x00, 0x00, 0x00, 0x00, 0x00, 0x00, 0x00, 0x00, 0x00, 0x00, 0x00, 0xbb, 0xde, 0xa6, 0x31, 0xa2, 0x10, 0xc3, 0x18, 0x86, 0x31, 0xec, 0x62, 0xff, 0xff, 0x00, 0x00, 0x00, 0x00, 0x00, 0x00, 0x00, 0x00, 0xff, 0xff, 0x8e, 0x73, 0xc7, 0x39, 0xe3, 0x18, 0xa2, 0x10, 0x86, 0x31, 0x96, 0xb5, 0x00, 0x00, 0x00, 0x00, 0x00, 0x00, 0x00, 0x00, 0x00, 0x00, 0x00, 0x00, 0x00, 0x00, 0x00, 0x00,
  0x00, 0x00, 0x00, 0x00, 0x00, 0x00, 0x00, 0x00, 0x00, 0x00, 0x00, 0x00, 0x00, 0x00, 0x00, 0x00, 0x00, 0x00, 0x8a, 0x52, 0xa7, 0x39, 0xc7, 0x39, 0xaf, 0x7b, 0x00, 0x00, 0x00, 0x00, 0x00, 0x00, 0x5d, 0xef, 0x9a, 0xd6, 0x00, 0x00, 0x00, 0x00, 0x00, 0x00, 0x75, 0xad, 0x08, 0x42, 0xa7, 0x39, 0x8a, 0x52, 0xff, 0xff, 0x00, 0x00, 0x00, 0x00, 0x00, 0x00, 0x00, 0x00, 0x00, 0x00, 0x00, 0x00, 0x00, 0x00, 0x00, 0x00,
  0x00, 0x00, 0x00, 0x00, 0x00, 0x00, 0x00, 0x00, 0x00, 0x00, 0x00, 0x00, 0x00, 0x00, 0x00, 0x00, 0x00, 0x00, 0x00, 0x00, 0x59, 0xce, 0xff, 0xff, 0x00, 0x00, 0x00, 0x00, 0xb3, 0x9c, 0x69, 0x4a, 0xa6, 0x31, 0x86, 0x31, 0x69, 0x4a, 0x10, 0x84, 0x00, 0x00, 0x00, 0x00, 0xff, 0xff, 0xfb, 0xde, 0x00, 0x00, 0x00, 0x00, 0x00, 0x00, 0x00, 0x00, 0x00, 0x00, 0x00, 0x00, 0x00, 0x00, 0x00, 0x00, 0x00, 0x00, 0x00, 0x00,
  0x00, 0x00, 0x00, 0x00, 0x00, 0x00, 0x00, 0x00, 0x00, 0x00, 0x00, 0x00, 0x00, 0x00, 0x00, 0x00, 0x00, 0x00, 0x00, 0x00, 0x00, 0x00, 0x00, 0x00, 0x00, 0x00, 0x18, 0xc6, 0xe8, 0x41, 0xe3, 0x18, 0xc3, 0x18, 0xc3, 0x18, 0xc3, 0x18, 0xc7, 0x39, 0x92, 0x94, 0x00, 0x00, 0x00, 0x00, 0x00, 0x00, 0x00, 0x00, 0x00, 0x00, 0x00, 0x00, 0x00, 0x00, 0x00, 0x00, 0x00, 0x00, 0x00, 0x00, 0x00, 0x00, 0x00, 0x00, 0x00, 0x00,
  0x00, 0x00, 0x00, 0x00, 0x00, 0x00, 0x00, 0x00, 0x00, 0x00, 0x00, 0x00, 0x00, 0x00, 0x00, 0x00, 0x00, 0x00, 0x00, 0x00, 0x00, 0x00, 0x00, 0x00, 0x00, 0x00, 0xec, 0x62, 0x24, 0x21, 0xe3, 0x18, 0xe4, 0x20, 0xe4, 0x20, 0xe4, 0x20, 0x04, 0x21, 0x8a, 0x52, 0x00, 0x00, 0x00, 0x00, 0x00, 0x00, 0x00, 0x00, 0x00, 0x00, 0x00, 0x00, 0x00, 0x00, 0x00, 0x00, 0x00, 0x00, 0x00, 0x00, 0x00, 0x00, 0x00, 0x00, 0x00, 0x00,
  0x00, 0x00, 0x00, 0x00, 0x00, 0x00, 0x00, 0x00, 0x00, 0x00, 0x00, 0x00, 0x00, 0x00, 0x00, 0x00, 0x00, 0x00, 0x00, 0x00, 0x00, 0x00, 0x00, 0x00, 0x00, 0x00, 0xc7, 0x39, 0xe4, 0x20, 0xe4, 0x20, 0xe4, 0x20, 0xe4, 0x20, 0xe4, 0x20, 0xe3, 0x18, 0xc7, 0x39, 0x00, 0x00, 0x00, 0x00, 0x00, 0x00, 0x00, 0x00, 0x00, 0x00, 0x00, 0x00, 0x00, 0x00, 0x00, 0x00, 0x00, 0x00, 0x00, 0x00, 0x00, 0x00, 0x00, 0x00, 0x00, 0x00,
  0x00, 0x00, 0x00, 0x00, 0x00, 0x00, 0x00, 0x00, 0x00, 0x00, 0x00, 0x00, 0x00, 0x00, 0x00, 0x00, 0x00, 0x00, 0x00, 0x00, 0x00, 0x00, 0x00, 0x00, 0x00, 0x00, 0x8a, 0x52, 0x04, 0x21, 0xe4, 0x20, 0xe4, 0x20, 0xe4, 0x20, 0xe4, 0x20, 0xe3, 0x18, 0x49, 0x4a, 0x00, 0x00, 0x00, 0x00, 0x00, 0x00, 0x00, 0x00, 0x00, 0x00, 0x00, 0x00, 0x00, 0x00, 0x00, 0x00, 0x00, 0x00, 0x00, 0x00, 0x00, 0x00, 0x00, 0x00, 0x00, 0x00,
  0x00, 0x00, 0x00, 0x00, 0x00, 0x00, 0x00, 0x00, 0x00, 0x00, 0x00, 0x00, 0x00, 0x00, 0x00, 0x00, 0x00, 0x00, 0x00, 0x00, 0x00, 0x00, 0x00, 0x00, 0x00, 0x00, 0xf0, 0x83, 0x86, 0x31, 0xc3, 0x18, 0xe3, 0x18, 0xe3, 0x18, 0xc3, 0x18, 0x86, 0x31, 0xcf, 0x7b, 0x00, 0x00, 0x00, 0x00, 0x00, 0x00, 0x00, 0x00, 0x00, 0x00, 0x00, 0x00, 0x00, 0x00, 0x00, 0x00, 0x00, 0x00, 0x00, 0x00, 0x00, 0x00, 0x00, 0x00, 0x00, 0x00,
  0x00, 0x00, 0x00, 0x00, 0x00, 0x00, 0x00, 0x00, 0x00, 0x00, 0x00, 0x00, 0x00, 0x00, 0x00, 0x00, 0x00, 0x00, 0x00, 0x00, 0x00, 0x00, 0x00, 0x00, 0x00, 0x00, 0x00, 0x00, 0x2d, 0x6b, 0xc7, 0x39, 0x65, 0x29, 0x45, 0x29, 0xa7, 0x39, 0xeb, 0x5a, 0x00, 0x00, 0x00, 0x00, 0x00, 0x00, 0x00, 0x00, 0x00, 0x00, 0x00, 0x00, 0x00, 0x00, 0x00, 0x00, 0x00, 0x00, 0x00, 0x00, 0x00, 0x00, 0x00, 0x00, 0x00, 0x00, 0x00, 0x00,
  0x00, 0x00, 0x00, 0x00, 0x00, 0x00, 0x00, 0x00, 0x00, 0x00, 0x00, 0x00, 0x00, 0x00, 0x00, 0x00, 0x00, 0x00, 0x00, 0x00, 0x00, 0x00, 0x00, 0x00, 0x00, 0x00, 0x00, 0x00, 0x00, 0x00, 0xff, 0xff, 0x51, 0x8c, 0x30, 0x84, 0xdb, 0xde, 0x00, 0x00, 0x00, 0x00, 0x00, 0x00, 0x00, 0x00, 0x00, 0x00, 0x00, 0x00, 0x00, 0x00, 0x00, 0x00, 0x00, 0x00, 0x00, 0x00, 0x00, 0x00, 0x00, 0x00, 0x00, 0x00, 0x00, 0x00, 0x00, 0x00,

  0x00, 0x00, 0x00, 0x00, 0x00, 0x00, 0x00, 0x00, 0x00, 0x00, 0x00, 0x00, 0x00, 0x00, 0x00, 0x00, 0x00, 0x00, 0x00, 0x00, 0x00, 0x00, 0x00, 0x00, 0x00, 0x00, 0x00, 0x00, 0x00, 0x00, 0x00, 0x00, 0x00, 0x00,
  0x00, 0x00, 0x00, 0x00, 0x00, 0x00, 0x00, 0x00, 0x00, 0x00, 0x00, 0x00, 0x00, 0x00, 0x00, 0x00, 0x00, 0x00, 0x00, 0x00, 0x00, 0x00, 0x00, 0x00, 0x00, 0x00, 0x00, 0x00, 0x00, 0x00, 0x00, 0x00, 0x00, 0x00,
  0x00, 0x00, 0x00, 0x00, 0x00, 0x00, 0x00, 0x00, 0x00, 0x00, 0x03, 0x2f, 0x61, 0x8d, 0xad, 0xc1, 0xcb, 0xcc, 0xc4, 0xb0, 0x92, 0x66, 0x34, 0x07, 0x00, 0x00, 0x00, 0x00, 0x00, 0x00, 0x00, 0x00, 0x00, 0x00,
  0x00, 0x00, 0x00, 0x00, 0x00, 0x00, 0x00, 0x00, 0x3b, 0x92, 0xd9, 0xff, 0xff, 0xff, 0xff, 0xff, 0xff, 0xff, 0xff, 0xff, 0xff, 0xff, 0xff, 0xdf, 0x9c, 0x45, 0x00, 0x00, 0x00, 0x00, 0x00, 0x00, 0x00, 0x00,
  0x00, 0x00, 0x00, 0x00, 0x00, 0x00, 0x54, 0xc4, 0xff, 0xff, 0xff, 0xff, 0xff, 0xff, 0xff, 0xff, 0xff, 0xff, 0xff, 0xff, 0xff, 0xff, 0xff, 0xff, 0xff, 0xff, 0xcf, 0x63, 0x03, 0x00, 0x00, 0x00, 0x00, 0x00,
  0x00, 0x00, 0x00, 0x00, 0x3a, 0xc1, 0xff, 0xff, 0xff, 0xff, 0xff, 0xff, 0xff, 0xeb, 0xce, 0xb8, 0xab, 0xa9, 0xb4, 0xca, 0xe7, 0xff, 0xff, 0xff, 0xff, 0xff, 0xff, 0xff, 0xd0, 0x4b, 0x00, 0x00, 0x00, 0x00,
  0x00, 0x00, 0x01, 0x86, 0xff, 0xff, 0xff, 0xff, 0xff, 0xff, 0xc2, 0x75, 0x37, 0x10, 0x00, 0x00, 0x00, 0x00, 0x00, 0x00, 0x0c, 0x31, 0x6d, 0xb9, 0xfa, 0xff, 0xff, 0xff, 0xff, 0xff, 0x9a, 0x0b, 0x00, 0x00,
  0x00, 0x16, 0xbd, 0xff, 0xff, 0xff, 0xff, 0xf8, 0x98, 0x31, 0x00, 0x00, 0x00, 0x00, 0x00, 0x00, 0x00, 0x00, 0x00, 0x00, 0x00, 0x00, 0x00, 0x00, 0x27, 0x8a, 0xef, 0xff, 0xff, 0xff, 0xff, 0xd0, 0x26, 0x00,
  0x1a, 0xd9, 0xff, 0xff, 0xff, 0xff, 0xad, 0x29, 0x00, 0x00, 0x00, 0x00, 0x00, 0x19, 0x3d, 0x5a, 0x69, 0x6a, 0x5d, 0x41, 0x1d, 0x00, 0x00, 0x00, 0x00, 0x00, 0x1d, 0x9a, 0xff, 0xff, 0xff, 0xff, 0xe9, 0x29,
  0xad, 0xff, 0xff, 0xff, 0xf2, 0x5f, 0x00, 0x00, 0x00, 0x00, 0x26, 0x7c, 0xc6, 0xf3, 0xff, 0xff, 0xff, 0xff, 0xff, 0xff, 0xf7, 0xcd, 0x86, 0x30, 0x00, 0x00, 0x00, 0x00, 0x4a, 0xe4, 0xff, 0xff, 0xff, 0xcb,
  0xa6, 0xff, 0xff, 0xdc, 0x2e, 0x00, 0x00, 0x00, 0x2c, 0xa4, 0xfa, 0xff, 0xff, 0xff, 0xff, 0xff, 0xff, 0xff, 0xff, 0xff, 0xff, 0xff, 0xff, 0xff, 0xb3, 0x39, 0x00, 0x00, 0x00, 0x1c, 0xc8, 0xff, 0xff, 0xc3,
  0x16, 0xad, 0xaa, 0x1a, 0x00, 0x00, 0x00, 0x7f, 0xf9, 0xff, 0xff, 0xff, 0xff, 0xff, 0xff, 0xff, 0xf8, 0xf7, 0xff, 0xff, 0xff, 0xff, 0xff, 0xff, 0xff, 0xff, 0x93, 0x0a, 0x00, 0x00, 0x0b, 0x9a, 0xaf, 0x20,
  0x00, 0x00, 0x00, 0x00, 0x00, 0x14, 0xbc, 0xff, 0xff, 0xff, 0xff, 0xff, 0xd4, 0x8c, 0x52, 0x2f, 0x1d, 0x1d, 0x2c, 0x4c, 0x84, 0xcb, 0xff, 0xff, 0xff, 0xff, 0xff, 0xcf, 0x24, 0x00, 0x00, 0x00, 0x00, 0x00,
  0x00, 0x00, 0x00, 0x00, 0x19, 0xd5, 0xff, 0xff, 0xff, 0xff, 0xbd, 0x48, 0x01, 0x00, 0x00, 0x00, 0x00, 0x00, 0x00, 0x00, 0x00, 0x00, 0x3d, 0xaf, 0xff, 0xff, 0xff, 0xff, 0xe6, 0x28, 0x00, 0x00, 0x00, 0x00,
  0x00, 0x00, 0x00, 0x00, 0x6f, 0xff, 0xff, 0xff, 0xf2, 0x61, 0x00, 0x00, 0x00, 0x00, 0x00, 0x04, 0x13, 0x14, 0x06, 0x00, 0x00, 0x00, 0x00, 0x00, 0x50, 0xe5, 0xff, 0xff, 0xff, 0x8d, 0x00, 0x00, 0x00, 0x00,
  0x00, 0x00, 0x00, 0x00, 0x39, 0xfe, 0xff, 0xdd, 0x2d, 0x00, 0x00, 0x00, 0x14, 0x67, 0xb1, 0xdc, 0xef, 0xf0, 0xdf, 0xb8, 0x72, 0x1c, 0x00, 0x00, 0x00, 0x1d, 0xcb, 0xff, 0xff, 0x4c, 0x00, 0x00, 0x00, 0x00,
  0x00, 0x00, 0x00, 0x00, 0x00, 0x3b, 0x6d, 0x18, 0x00, 0x00, 0x00, 0x76, 0xe9, 0xff, 0xff, 0xff, 0xff, 0xff, 0xff, 0xff, 0xff, 0xf1, 0x86, 0x08, 0x00, 0x00, 0x0b, 0x67, 0x44, 0x00, 0x00, 0x00, 0x00, 0x00,
  0x00, 0x00, 0x00, 0x00, 0x00, 0x00, 0x00, 0x00, 0x00, 0x13, 0xbb, 0xff, 0xff, 0xff, 0xff, 0xff, 0xff, 0xff, 0xff, 0xff, 0xff, 0xff, 0xff, 0xcd, 0x21, 0x00, 0x00, 0x00, 0x00, 0x00, 0x00, 0x00, 0x00, 0x00,
  0x00, 0x00, 0x00, 0x00, 0x00, 0x00, 0x00, 0x00, 0x08, 0xc6, 0xff, 0xff, 0xff, 0xff, 0xe4, 0xa4, 0x7d, 0x7c, 0x9e, 0xdb, 0xff, 0xff, 0xff, 0xff, 0xdd, 0x11, 0x00, 0x00, 0x00, 0x00, 0x00, 0x00, 0x00, 0x00,
  0x00, 0x00, 0x00, 0x00, 0x00, 0x00, 0x00, 0x00, 0x18, 0xff, 0xff, 0xff, 0xf3, 0x6e, 0x0d, 0x00, 0x00, 0x00, 0x00, 0x06, 0x5e, 0xe6, 0xff, 0xff, 0xff, 0x2c, 0x00, 0x00, 0x00, 0x00, 0x00, 0x00, 0x00, 0x00,
  0x00, 0x00, 0x00, 0x00, 0x00, 0x00, 0x00, 0x00, 0x00, 0x8f, 0xfe, 0xda, 0x30, 0x00, 0x00, 0x00, 0x17, 0x1a, 0x00, 0x00, 0x00, 0x1e, 0xc8, 0xfc, 0xa2, 0x04, 0x00, 0x00, 0x00, 0x00, 0x00, 0x00, 0x00, 0x00,
  0x00, 0x00, 0x00, 0x00, 0x00, 0x00, 0x00, 0x00, 0x00, 0x00, 0x26, 0x0b, 0x00, 0x00, 0x24, 0xb5, 0xf2, 0xf5, 0xbe, 0x32, 0x00, 0x00, 0x03, 0x23, 0x00, 0x00, 0x00, 0x00, 0x00, 0x00, 0x00, 0x00, 0x00, 0x00,
  0x00, 0x00, 0x00, 0x00, 0x00, 0x00, 0x00, 0x00, 0x00, 0x00, 0x00, 0x00, 0x00, 0x14, 0xe1, 0xff, 0xff, 0xff, 0xff, 0xf1, 0x24, 0x00, 0x00, 0x00, 0x00, 0x00, 0x00, 0x00, 0x00, 0x00, 0x00, 0x00, 0x00, 0x00,
  0x00, 0x00, 0x00, 0x00, 0x00, 0x00, 0x00, 0x00, 0x00, 0x00, 0x00, 0x00, 0x00, 0x7d, 0xff, 0xff, 0xff, 0xff, 0xff, 0xff, 0x9a, 0x00, 0x00, 0x00, 0x00, 0x00, 0x00, 0x00, 0x00, 0x00, 0x00, 0x00, 0x00, 0x00,
  0x00, 0x00, 0x00, 0x00, 0x00, 0x00, 0x00, 0x00, 0x00, 0x00, 0x00, 0x00, 0x00, 0xaf, 0xff, 0xff, 0xff, 0xff, 0xff, 0xff, 0xc7, 0x00, 0x00, 0x00, 0x00, 0x00, 0x00, 0x00, 0x00, 0x00, 0x00, 0x00, 0x00, 0x00,
  0x00, 0x00, 0x00, 0x00, 0x00, 0x00, 0x00, 0x00, 0x00, 0x00, 0x00, 0x00, 0x00, 0x94, 0xff, 0xff, 0xff, 0xff, 0xff, 0xff, 0xaf, 0x00, 0x00, 0x00, 0x00, 0x00, 0x00, 0x00, 0x00, 0x00, 0x00, 0x00, 0x00, 0x00,
  0x00, 0x00, 0x00, 0x00, 0x00, 0x00, 0x00, 0x00, 0x00, 0x00, 0x00, 0x00, 0x00, 0x2f, 0xff, 0xff, 0xff, 0xff, 0xff, 0xff, 0x43, 0x00, 0x00, 0x00, 0x00, 0x00, 0x00, 0x00, 0x00, 0x00, 0x00, 0x00, 0x00, 0x00,
  0x00, 0x00, 0x00, 0x00, 0x00, 0x00, 0x00, 0x00, 0x00, 0x00, 0x00, 0x00, 0x00, 0x00, 0x56, 0xea, 0xff, 0xff, 0xf2, 0x6a, 0x00, 0x00, 0x00, 0x00, 0x00, 0x00, 0x00, 0x00, 0x00, 0x00, 0x00, 0x00, 0x00, 0x00,
  0x00, 0x00, 0x00, 0x00, 0x00, 0x00, 0x00, 0x00, 0x00, 0x00, 0x00, 0x00, 0x00, 0x00, 0x00, 0x0e, 0x3f, 0x42, 0x14, 0x00, 0x00, 0x00, 0x00, 0x00, 0x00, 0x00, 0x00, 0x00, 0x00, 0x00, 0x00, 0x00, 0x00, 0x00,
};

const lv_image_dsc_t ui_img_wifisym_0_png = {
    .header.w = 34,
    .header.h = 29,
    .data_size = sizeof(ui_img_wifisym_0_png_data),
    .header.cf = LV_COLOR_FORMAT_NATIVE_WITH_ALPHA,
    .header.magic = LV_IMAGE_HEADER_MAGIC,
    .data = ui_img_wifisym_0_png_data
};


const LV_ATTRIBUTE_MEM_ALIGN uint8_t ui_img_wifisym_1_png_data[]  = {
  0x00, 0x00, 0x00, 0x00, 0x00, 0x00, 0x00, 0x00, 0x00, 0x00, 0x00, 0x00, 0x00, 0x00, 0x00, 0x00, 0x00, 0x00, 0x00, 0x00, 0x00, 0x00, 0x00, 0x00, 0x00, 0x00, 0x00, 0x00, 0x00, 0x00, 0x00, 0x00, 0x00, 0x00, 0x00, 0x00, 0x00, 0x00, 0x00, 0x00, 0x00, 0x00, 0x00, 0x00, 0x00, 0x00, 0x00, 0x00, 0x00, 0x00, 0x00, 0x00, 0x00, 0x00, 0x00, 0x00, 0x00, 0x00, 0x00, 0x00, 0x00, 0x00, 0x00, 0x00, 0x00, 0x00, 0x00, 0x00,
  0x00, 0x00, 0x00, 0x00, 0x00, 0x00, 0x00, 0x00, 0x00, 0x00, 0x00, 0x00, 0x00, 0x00, 0x00, 0x00, 0x00, 0x00, 0x00, 0x00, 0x00, 0x00, 0x00, 0x00, 0x00, 0x00, 0x00, 0x00, 0x00, 0x00, 0x00, 0x00, 0x00, 0x00, 0x00, 0x00, 0x00, 0x00, 0x00, 0x00, 0x00, 0x00, 0x00, 0x00, 0x00, 0x00, 0x00, 0x00, 0x00, 0x00, 0x00, 0x00, 0x00, 0x00, 0x00, 0x00, 0x00, 0x00, 0x00, 0x00, 0x00, 0x00, 0x00, 0x00, 0x00, 0x00, 0x00, 0x00,
  0x00, 0x00, 0x00, 0x00, 0x00, 0x00, 0x00, 0x00, 0x00, 0x00, 0x00, 0x00, 0x00, 0x00, 0x00, 0x00, 0x00, 0x00, 0x00, 0x00, 0xff, 0xff, 0xd3, 0x9c, 0x8e, 0x73, 0x0c, 0x63, 0x49, 0x4a, 0x49, 0x4a, 0xc7, 0x39, 0xa7, 0x39, 0x49, 0x4a, 0x49, 0x4a, 0xcb, 0x5a, 0x4d, 0x6b, 0x31, 0x8c, 0xff, 0xff, 0x00, 0x00, 0x00, 0x00, 0x00, 0x00, 0x00, 0x00, 0x00, 0x00, 0x00, 0x00, 0x00, 0x00, 0x00, 0x00, 0x00, 0x00, 0x00, 0x00,
  0x00, 0x00, 0x00, 0x00, 0x00, 0x00, 0x00, 0x00, 0x00, 0x00, 0x00, 0x00, 0x00, 0x00, 0x00, 0x00, 0x92, 0x94, 0xaa, 0x52, 0x08, 0x42, 0x66, 0x31, 0x45, 0x29, 0x04, 0x21, 0xe4, 0x20, 0xc3, 0x18, 0xe3, 0x18, 0xe3, 0x18, 0xc3, 0x18, 0xe3, 0x18, 0x04, 0x21, 0x25, 0x29, 0x65, 0x29, 0xe7, 0x39, 0x8a, 0x52, 0x31, 0x8c, 0x00, 0x00, 0x00, 0x00, 0x00, 0x00, 0x00, 0x00, 0x00, 0x00, 0x00, 0x00, 0x00, 0x00, 0x00, 0x00,
  0x00, 0x00, 0x00, 0x00, 0x00, 0x00, 0x00, 0x00, 0x00, 0x00, 0x00, 0x00, 0x8e, 0x73, 0x08, 0x42, 0x66, 0x31, 0x04, 0x21, 0xc3, 0x18, 0xc3, 0x18, 0xc3, 0x18, 0xc3, 0x18, 0xc3, 0x18, 0xe3, 0x18, 0xe4, 0x20, 0xe4, 0x20, 0xe3, 0x18, 0xc3, 0x18, 0xc3, 0x18, 0xc3, 0x18, 0xc3, 0x18, 0xc3, 0x18, 0xe4, 0x20, 0x65, 0x29, 0x08, 0x42, 0x4d, 0x6b, 0xff, 0xff, 0x00, 0x00, 0x00, 0x00, 0x00, 0x00, 0x00, 0x00, 0x00, 0x00,
  0x00, 0x00, 0x00, 0x00, 0x00, 0x00, 0x00, 0x00, 0x31, 0x8c, 0x49, 0x4a, 0x45, 0x29, 0xe3, 0x18, 0xc3, 0x18, 0xc3, 0x18, 0xe3, 0x18, 0x24, 0x21, 0x66, 0x31, 0xc7, 0x39, 0x08, 0x42, 0x8a, 0x52, 0x49, 0x4a, 0x28, 0x42, 0x6a, 0x52, 0x08, 0x42, 0x86, 0x31, 0x86, 0x31, 0x25, 0x29, 0xe3, 0x18, 0xc3, 0x18, 0xc3, 0x18, 0xc3, 0x18, 0x45, 0x29, 0x08, 0x42, 0xaf, 0x7b, 0x00, 0x00, 0x00, 0x00, 0x00, 0x00, 0x00, 0x00,
  0x00, 0x00, 0x00, 0x00, 0xff, 0xff, 0xcb, 0x5a, 0x66, 0x31, 0xe3, 0x18, 0xe3, 0x18, 0xc3, 0x18, 0xe4, 0x20, 0x66, 0x31, 0x28, 0x42, 0x0c, 0x63, 0xb3, 0x9c, 0xff, 0xff, 0x00, 0x00, 0x00, 0x00, 0x00, 0x00, 0x00, 0x00, 0x00, 0x00, 0x00, 0x00, 0xff, 0xff, 0x14, 0xa5, 0x4d, 0x6b, 0x29, 0x4a, 0x86, 0x31, 0x04, 0x21, 0xc3, 0x18, 0xe3, 0x18, 0xc3, 0x18, 0x45, 0x29, 0x8a, 0x52, 0xff, 0xff, 0x00, 0x00, 0x00, 0x00,
  0x00, 0x00, 0x96, 0xb5, 0x28, 0x42, 0x24, 0x21, 0xc3, 0x18, 0xc3, 0x18, 0xe4, 0x20, 0x86, 0x31, 0xaa, 0x52, 0x72, 0x94, 0x00, 0x00, 0x00, 0x00, 0x00, 0x00, 0x00, 0x00, 0x00, 0x00, 0x00, 0x00, 0x00, 0x00, 0x00, 0x00, 0x00, 0x00, 0x00, 0x00, 0x00, 0x00, 0x00, 0x00, 0x00, 0x00, 0x00, 0x00, 0x75, 0xad, 0xeb, 0x5a, 0xa6, 0x31, 0x04, 0x21, 0xc3, 0x18, 0xc3, 0x18, 0x04, 0x21, 0x08, 0x42, 0xb3, 0x9c, 0x00, 0x00,
  0xcf, 0x7b, 0xc7, 0x39, 0xe4, 0x20, 0xe3, 0x18, 0xc3, 0x18, 0x45, 0x29, 0x69, 0x4a, 0xf3, 0x9c, 0x00, 0x00, 0x00, 0x00, 0x00, 0x00, 0x00, 0x00, 0x00, 0x00, 0x1c, 0xe7, 0x71, 0x8c, 0x4d, 0x6b, 0x8e, 0x73, 0x8e, 0x73, 0xab, 0x5a, 0x31, 0x8c, 0xfc, 0xe6, 0x00, 0x00, 0x00, 0x00, 0x00, 0x00, 0x00, 0x00, 0x00, 0x00, 0x18, 0xc6, 0x8a, 0x52, 0x45, 0x29, 0xe3, 0x18, 0xe3, 0x18, 0xe3, 0x18, 0xa7, 0x39, 0x51, 0x8c,
  0xab, 0x5a, 0xe3, 0x18, 0xe3, 0x18, 0xe3, 0x18, 0x86, 0x31, 0x4d, 0x6b, 0x00, 0x00, 0x00, 0x00, 0x00, 0x00, 0x00, 0x00, 0x96, 0xb5, 0x0c, 0x63, 0x49, 0x4a, 0xa6, 0x31, 0x66, 0x31, 0x45, 0x29, 0x45, 0x29, 0x45, 0x29, 0x25, 0x29, 0x66, 0x31, 0xa6, 0x31, 0x08, 0x42, 0xec, 0x62, 0x92, 0x94, 0x00, 0x00, 0x00, 0x00, 0x00, 0x00, 0x00, 0x00, 0xae, 0x73, 0xa7, 0x39, 0xe3, 0x18, 0xe3, 0x18, 0xc3, 0x18, 0x49, 0x4a,
  0xeb, 0x5a, 0xe4, 0x20, 0xe4, 0x20, 0xa7, 0x39, 0xef, 0x7b, 0x00, 0x00, 0x00, 0x00, 0x00, 0x00, 0x92, 0x94, 0x8a, 0x52, 0x86, 0x31, 0x04, 0x21, 0xc3, 0x18, 0xc3, 0x18, 0xc3, 0x18, 0xc3, 0x18, 0xc3, 0x18, 0xc3, 0x18, 0xc3, 0x18, 0xc3, 0x18, 0xc3, 0x18, 0xc3, 0x18, 0x04, 0x21, 0x66, 0x31, 0x49, 0x4a, 0x71, 0x8c, 0x00, 0x00, 0x00, 0x00, 0x00, 0x00, 0x35, 0xad, 0xe8, 0x41, 0x04, 0x21, 0xe3, 0x18, 0x49, 0x4a,
  0xd3, 0x9c, 0x6a, 0x52, 0x69, 0x4a, 0x55, 0xad, 0x00, 0x00, 0x00, 0x00, 0x00, 0x00, 0xcb, 0x5a, 0x86, 0x31, 0xe4, 0x20, 0xc3, 0x18, 0xc3, 0x18, 0xc3, 0x18, 0x04, 0x21, 0x45, 0x29, 0x86, 0x31, 0x86, 0x31, 0x86, 0x31, 0x86, 0x31, 0x45, 0x29, 0x04, 0x21, 0xc3, 0x18, 0xc3, 0x18, 0xc3, 0x18, 0xe3, 0x18, 0x86, 0x31, 0xaa, 0x52, 0xff, 0xff, 0x00, 0x00, 0x00, 0x00, 0xff, 0xff, 0x69, 0x4a, 0x49, 0x4a, 0xd3, 0x9c,
  0x00, 0x00, 0x00, 0x00, 0x00, 0x00, 0x00, 0x00, 0x00, 0x00, 0x55, 0xad, 0x08, 0x42, 0x24, 0x21, 0xc3, 0x18, 0xe3, 0x18, 0xe3, 0x18, 0x45, 0x29, 0xe8, 0x41, 0xcb, 0x5a, 0xae, 0x73, 0x34, 0xa5, 0x79, 0xce, 0x18, 0xc6, 0x55, 0xad, 0xaf, 0x7b, 0xec, 0x62, 0x28, 0x42, 0x65, 0x29, 0xe4, 0x20, 0xe3, 0x18, 0xc3, 0x18, 0x04, 0x21, 0xe7, 0x39, 0x10, 0x84, 0x00, 0x00, 0x00, 0x00, 0x00, 0x00, 0x00, 0x00, 0x00, 0x00,
  0x00, 0x00, 0x00, 0x00, 0x00, 0x00, 0x00, 0x00, 0xd3, 0x9c, 0xc7, 0x39, 0xe4, 0x20, 0xe3, 0x18, 0xc3, 0x18, 0x45, 0x29, 0x49, 0x4a, 0xcf, 0x7b, 0xff, 0xff, 0x00, 0x00, 0x00, 0x00, 0x00, 0x00, 0x00, 0x00, 0x00, 0x00, 0x00, 0x00, 0x00, 0x00, 0x00, 0x00, 0x00, 0x00, 0x51, 0x8c, 0x29, 0x4a, 0x45, 0x29, 0xc3, 0x18, 0xe3, 0x18, 0xe3, 0x18, 0xc7, 0x39, 0x10, 0x84, 0x00, 0x00, 0x00, 0x00, 0x00, 0x00, 0x00, 0x00,
  0x00, 0x00, 0x00, 0x00, 0x00, 0x00, 0x00, 0x00, 0x8a, 0x52, 0x24, 0x21, 0xc3, 0x18, 0xe3, 0x18, 0xa6, 0x31, 0x8e, 0x73, 0x00, 0x00, 0x00, 0x00, 0x00, 0x00, 0x00, 0x00, 0x00, 0x00, 0xff, 0xff, 0x3d, 0xef, 0xb6, 0xb5, 0xff, 0xff, 0x00, 0x00, 0x00, 0x00, 0x00, 0x00, 0x00, 0x00, 0x00, 0x00, 0x6e, 0x73, 0xa7, 0x39, 0xe3, 0x18, 0xe3, 0x18, 0x04, 0x21, 0x69, 0x4a, 0x00, 0x00, 0x00, 0x00, 0x00, 0x00, 0x00, 0x00,
  0x00, 0x00, 0x00, 0x00, 0x00, 0x00, 0x00, 0x00, 0x8e, 0x73, 0xa6, 0x31, 0x24, 0x21, 0xa7, 0x39, 0xb2, 0x94, 0x00, 0x00, 0x00, 0x00, 0x00, 0x00, 0xbe, 0xf7, 0x2c, 0x63, 0x49, 0x4a, 0xc7, 0x39, 0xa6, 0x31, 0x65, 0x29, 0xc7, 0x39, 0x6a, 0x52, 0x0c, 0x63, 0x59, 0xce, 0x00, 0x00, 0x00, 0x00, 0x00, 0x00, 0x55, 0xad, 0x08, 0x42, 0x45, 0x29, 0x86, 0x31, 0x4d, 0x6b, 0x00, 0x00, 0x00, 0x00, 0x00, 0x00, 0x00, 0x00,
  0x00, 0x00, 0x00, 0x00, 0x00, 0x00, 0x00, 0x00, 0x00, 0x00, 0xcf, 0x7b, 0x8e, 0x73, 0xb3, 0x9c, 0x00, 0x00, 0x00, 0x00, 0x00, 0x00, 0xec, 0x62, 0xc7, 0x39, 0x25, 0x29, 0xe3, 0x18, 0xc3, 0x18, 0xc3, 0x18, 0xc3, 0x18, 0xc3, 0x18, 0xe3, 0x18, 0x24, 0x21, 0xa6, 0x31, 0xcb, 0x5a, 0xff, 0xff, 0x00, 0x00, 0x00, 0x00, 0xff, 0xff, 0xaf, 0x7b, 0xcf, 0x7b, 0x00, 0x00, 0x00, 0x00, 0x00, 0x00, 0x00, 0x00, 0x00, 0x00,
  0x00, 0x00, 0x00, 0x00, 0x00, 0x00, 0x00, 0x00, 0x00, 0x00, 0x00, 0x00, 0x00, 0x00, 0x00, 0x00, 0x00, 0x00, 0x96, 0xb5, 0x08, 0x42, 0x24, 0x21, 0xc3, 0x18, 0xe3, 0x18, 0xc3, 0x18, 0xe4, 0x20, 0x24, 0x21, 0x24, 0x21, 0xe4, 0x20, 0xc3, 0x18, 0xc3, 0x18, 0xc3, 0x18, 0x24, 0x21, 0xe8, 0x41, 0xf0, 0x83, 0x00, 0x00, 0x00, 0x00, 0x00, 0x00, 0x00, 0x00, 0x00, 0x00, 0x00, 0x00, 0x00, 0x00, 0x00, 0x00, 0x00, 0x00,
  0x00, 0x00, 0x00, 0x00, 0x00, 0x00, 0x00, 0x00, 0x00, 0x00, 0x00, 0x00, 0x00, 0x00, 0x00, 0x00, 0xff, 0xff, 0x29, 0x4a, 0xe4, 0x20, 0xe3, 0x18, 0xc3, 0x18, 0x25, 0x29, 0xe7, 0x39, 0x6a, 0x52, 0x6d, 0x6b, 0x6d, 0x6b, 0xaa, 0x52, 0xe7, 0x39, 0x45, 0x29, 0xc3, 0x18, 0xe3, 0x18, 0xe3, 0x18, 0xc7, 0x39, 0x35, 0xad, 0x00, 0x00, 0x00, 0x00, 0x00, 0x00, 0x00, 0x00, 0x00, 0x00, 0x00, 0x00, 0x00, 0x00, 0x00, 0x00,
  0x00, 0x00, 0x00, 0x00, 0x00, 0x00, 0x00, 0x00, 0x00, 0x00, 0x00, 0x00, 0x00, 0x00, 0x00, 0x00, 0xbb, 0xde, 0xa6, 0x31, 0xa2, 0x10, 0xc3, 0x18, 0x86, 0x31, 0xec, 0x62, 0xff, 0xff, 0x00, 0x00, 0x00, 0x00, 0x00, 0x00, 0x00, 0x00, 0xff, 0xff, 0x8e, 0x73, 0xc7, 0x39, 0xe3, 0x18, 0xa2, 0x10, 0x86, 0x31, 0x96, 0xb5, 0x00, 0x00, 0x00, 0x00, 0x00, 0x00, 0x00, 0x00, 0x00, 0x00, 0x00, 0x00, 0x00, 0x00, 0x00, 0x00,
  0x00, 0x00, 0x00, 0x00, 0x00, 0x00, 0x00, 0x00, 0x00, 0x00, 0x00, 0x00, 0x00, 0x00, 0x00, 0x00, 0x00, 0x00, 0x8a, 0x52, 0xa7, 0x39, 0xc7, 0x39, 0xaf, 0x7b, 0x00, 0x00, 0x00, 0x00, 0x00, 0x00, 0x5d, 0xef, 0x3c, 0xe7, 0x00, 0x00, 0x00, 0x00, 0x00, 0x00, 0x75, 0xad, 0x08, 0x42, 0xa7, 0x39, 0x8a, 0x52, 0xff, 0xff, 0x00, 0x00, 0x00, 0x00, 0x00, 0x00, 0x00, 0x00, 0x00, 0x00, 0x00, 0x00, 0x00, 0x00, 0x00, 0x00,
  0x00, 0x00, 0x00, 0x00, 0x00, 0x00, 0x00, 0x00, 0x00, 0x00, 0x00, 0x00, 0x00, 0x00, 0x00, 0x00, 0x00, 0x00, 0x00, 0x00, 0x59, 0xce, 0xff, 0xff, 0x00, 0x00, 0x00, 0x00, 0x7d, 0xef, 0xdf, 0xff, 0xff, 0xff, 0xff, 0xff, 0xff, 0xff, 0x7d, 0xef, 0x00, 0x00, 0x00, 0x00, 0xff, 0xff, 0xfb, 0xde, 0x00, 0x00, 0x00, 0x00, 0x00, 0x00, 0x00, 0x00, 0x00, 0x00, 0x00, 0x00, 0x00, 0x00, 0x00, 0x00, 0x00, 0x00, 0x00, 0x00,
  0x00, 0x00, 0x00, 0x00, 0x00, 0x00, 0x00, 0x00, 0x00, 0x00, 0x00, 0x00, 0x00, 0x00, 0x00, 0x00, 0x00, 0x00, 0x00, 0x00, 0x00, 0x00, 0x00, 0x00, 0x00, 0x00, 0x5d, 0xef, 0xff, 0xff, 0xff, 0xff, 0xff, 0xff, 0xff, 0xff, 0xff, 0xff, 0xff, 0xff, 0x7d, 0xef, 0x00, 0x00, 0x00, 0x00, 0x00, 0x00, 0x00, 0x00, 0x00, 0x00, 0x00, 0x00, 0x00, 0x00, 0x00, 0x00, 0x00, 0x00, 0x00, 0x00, 0x00, 0x00, 0x00, 0x00, 0x00, 0x00,
  0x00, 0x00, 0x00, 0x00, 0x00, 0x00, 0x00, 0x00, 0x00, 0x00, 0x00, 0x00, 0x00, 0x00, 0x00, 0x00, 0x00, 0x00, 0x00, 0x00, 0x00, 0x00, 0x00, 0x00, 0x00, 0x00, 0xbf, 0xff, 0xff, 0xff, 0xff, 0xff, 0xff, 0xff, 0xff, 0xff, 0xff, 0xff, 0xff, 0xff, 0xdf, 0xff, 0x00, 0x00, 0x00, 0x00, 0x00, 0x00, 0x00, 0x00, 0x00, 0x00, 0x00, 0x00, 0x00, 0x00, 0x00, 0x00, 0x00, 0x00, 0x00, 0x00, 0x00, 0x00, 0x00, 0x00, 0x00, 0x00,
  0x00, 0x00, 0x00, 0x00, 0x00, 0x00, 0x00, 0x00, 0x00, 0x00, 0x00, 0x00, 0x00, 0x00, 0x00, 0x00, 0x00, 0x00, 0x00, 0x00, 0x00, 0x00, 0x00, 0x00, 0x00, 0x00, 0xdf, 0xff, 0xff, 0xff, 0xff, 0xff, 0xff, 0xff, 0xff, 0xff, 0xff, 0xff, 0xff, 0xff, 0xdf, 0xff, 0x00, 0x00, 0x00, 0x00, 0x00, 0x00, 0x00, 0x00, 0x00, 0x00, 0x00, 0x00, 0x00, 0x00, 0x00, 0x00, 0x00, 0x00, 0x00, 0x00, 0x00, 0x00, 0x00, 0x00, 0x00, 0x00,
  0x00, 0x00, 0x00, 0x00, 0x00, 0x00, 0x00, 0x00, 0x00, 0x00, 0x00, 0x00, 0x00, 0x00, 0x00, 0x00, 0x00, 0x00, 0x00, 0x00, 0x00, 0x00, 0x00, 0x00, 0x00, 0x00, 0xdf, 0xff, 0xff, 0xff, 0xff, 0xff, 0xff, 0xff, 0xff, 0xff, 0xff, 0xff, 0xff, 0xff, 0xdf, 0xff, 0x00, 0x00, 0x00, 0x00, 0x00, 0x00, 0x00, 0x00, 0x00, 0x00, 0x00, 0x00, 0x00, 0x00, 0x00, 0x00, 0x00, 0x00, 0x00, 0x00, 0x00, 0x00, 0x00, 0x00, 0x00, 0x00,
  0x00, 0x00, 0x00, 0x00, 0x00, 0x00, 0x00, 0x00, 0x00, 0x00, 0x00, 0x00, 0x00, 0x00, 0x00, 0x00, 0x00, 0x00, 0x00, 0x00, 0x00, 0x00, 0x00, 0x00, 0x00, 0x00, 0x5d, 0xef, 0xff, 0xff, 0xff, 0xff, 0xff, 0xff, 0xff, 0xff, 0xff, 0xff, 0xff, 0xff, 0x9e, 0xf7, 0x00, 0x00, 0x00, 0x00, 0x00, 0x00, 0x00, 0x00, 0x00, 0x00, 0x00, 0x00, 0x00, 0x00, 0x00, 0x00, 0x00, 0x00, 0x00, 0x00, 0x00, 0x00, 0x00, 0x00, 0x00, 0x00,
  0x00, 0x00, 0x00, 0x00, 0x00, 0x00, 0x00, 0x00, 0x00, 0x00, 0x00, 0x00, 0x00, 0x00, 0x00, 0x00, 0x00, 0x00, 0x00, 0x00, 0x00, 0x00, 0x00, 0x00, 0x00, 0x00, 0x00, 0x00, 0xbe, 0xf7, 0xff, 0xff, 0xff, 0xff, 0xff, 0xff, 0xff, 0xff, 0xbe, 0xf7, 0x00, 0x00, 0x00, 0x00, 0x00, 0x00, 0x00, 0x00, 0x00, 0x00, 0x00, 0x00, 0x00, 0x00, 0x00, 0x00, 0x00, 0x00, 0x00, 0x00, 0x00, 0x00, 0x00, 0x00, 0x00, 0x00, 0x00, 0x00,
  0x00, 0x00, 0x00, 0x00, 0x00, 0x00, 0x00, 0x00, 0x00, 0x00, 0x00, 0x00, 0x00, 0x00, 0x00, 0x00, 0x00, 0x00, 0x00, 0x00, 0x00, 0x00, 0x00, 0x00, 0x00, 0x00, 0x00, 0x00, 0x00, 0x00, 0x59, 0xce, 0x9e, 0xf7, 0x9e, 0xf7, 0xdb, 0xde, 0x00, 0x00, 0x00, 0x00, 0x00, 0x00, 0x00, 0x00, 0x00, 0x00, 0x00, 0x00, 0x00, 0x00, 0x00, 0x00, 0x00, 0x00, 0x00, 0x00, 0x00, 0x00, 0x00, 0x00, 0x00, 0x00, 0x00, 0x00, 0x00, 0x00,

  0x00, 0x00, 0x00, 0x00, 0x00, 0x00, 0x00, 0x00, 0x00, 0x00, 0x00, 0x00, 0x00, 0x00, 0x00, 0x00, 0x00, 0x00, 0x00, 0x00, 0x00, 0x00, 0x00, 0x00, 0x00, 0x00, 0x00, 0x00, 0x00, 0x00, 0x00, 0x00, 0x00, 0x00,
  0x00, 0x00, 0x00, 0x00, 0x00, 0x00, 0x00, 0x00, 0x00, 0x00, 0x00, 0x00, 0x00, 0x00, 0x00, 0x00, 0x00, 0x00, 0x00, 0x00, 0x00, 0x00, 0x00, 0x00, 0x00, 0x00, 0x00, 0x00, 0x00, 0x00, 0x00, 0x00, 0x00, 0x00,
  0x00, 0x00, 0x00, 0x00, 0x00, 0x00, 0x00, 0x00, 0x00, 0x00, 0x03, 0x2f, 0x61, 0x8d, 0xad, 0xc1, 0xcb, 0xcc, 0xc4, 0xb0, 0x92, 0x66, 0x34, 0x07, 0x00, 0x00, 0x00, 0x00, 0x00, 0x00, 0x00, 0x00, 0x00, 0x00,
  0x00, 0x00, 0x00, 0x00, 0x00, 0x00, 0x00, 0x00, 0x3b, 0x92, 0xd9, 0xff, 0xff, 0xff, 0xff, 0xff, 0xff, 0xff, 0xff, 0xff, 0xff, 0xff, 0xff, 0xdf, 0x9c, 0x45, 0x00, 0x00, 0x00, 0x00, 0x00, 0x00, 0x00, 0x00,
  0x00, 0x00, 0x00, 0x00, 0x00, 0x00, 0x54, 0xc4, 0xff, 0xff, 0xff, 0xff, 0xff, 0xff, 0xff, 0xff, 0xff, 0xff, 0xff, 0xff, 0xff, 0xff, 0xff, 0xff, 0xff, 0xff, 0xcf, 0x63, 0x03, 0x00, 0x00, 0x00, 0x00, 0x00,
  0x00, 0x00, 0x00, 0x00, 0x3a, 0xc1, 0xff, 0xff, 0xff, 0xff, 0xff, 0xff, 0xff, 0xeb, 0xce, 0xb8, 0xab, 0xa9, 0xb4, 0xca, 0xe7, 0xff, 0xff, 0xff, 0xff, 0xff, 0xff, 0xff, 0xd0, 0x4b, 0x00, 0x00, 0x00, 0x00,
  0x00, 0x00, 0x01, 0x86, 0xff, 0xff, 0xff, 0xff, 0xff, 0xff, 0xc2, 0x75, 0x37, 0x10, 0x00, 0x00, 0x00, 0x00, 0x00, 0x00, 0x0c, 0x31, 0x6d, 0xb9, 0xfa, 0xff, 0xff, 0xff, 0xff, 0xff, 0x9a, 0x0b, 0x00, 0x00,
  0x00, 0x16, 0xbd, 0xff, 0xff, 0xff, 0xff, 0xf8, 0x98, 0x31, 0x00, 0x00, 0x00, 0x00, 0x00, 0x00, 0x00, 0x00, 0x00, 0x00, 0x00, 0x00, 0x00, 0x00, 0x27, 0x8a, 0xef, 0xff, 0xff, 0xff, 0xff, 0xd0, 0x26, 0x00,
  0x1a, 0xd9, 0xff, 0xff, 0xff, 0xff, 0xad, 0x29, 0x00, 0x00, 0x00, 0x00, 0x00, 0x19, 0x3d, 0x5a, 0x69, 0x6a, 0x5d, 0x41, 0x1d, 0x00, 0x00, 0x00, 0x00, 0x00, 0x1d, 0x9a, 0xff, 0xff, 0xff, 0xff, 0xe9, 0x29,
  0xad, 0xff, 0xff, 0xff, 0xf2, 0x5f, 0x00, 0x00, 0x00, 0x00, 0x26, 0x7c, 0xc6, 0xf3, 0xff, 0xff, 0xff, 0xff, 0xff, 0xff, 0xf7, 0xcd, 0x86, 0x30, 0x00, 0x00, 0x00, 0x00, 0x4a, 0xe4, 0xff, 0xff, 0xff, 0xcb,
  0xa6, 0xff, 0xff, 0xdc, 0x2e, 0x00, 0x00, 0x00, 0x2c, 0xa4, 0xfa, 0xff, 0xff, 0xff, 0xff, 0xff, 0xff, 0xff, 0xff, 0xff, 0xff, 0xff, 0xff, 0xff, 0xb3, 0x39, 0x00, 0x00, 0x00, 0x1c, 0xc8, 0xff, 0xff, 0xc3,
  0x16, 0xad, 0xaa, 0x1a, 0x00, 0x00, 0x00, 0x7f, 0xf9, 0xff, 0xff, 0xff, 0xff, 0xff, 0xff, 0xff, 0xf8, 0xf7, 0xff, 0xff, 0xff, 0xff, 0xff, 0xff, 0xff, 0xff, 0x93, 0x0a, 0x00, 0x00, 0x0b, 0x9a, 0xaf, 0x20,
  0x00, 0x00, 0x00, 0x00, 0x00, 0x14, 0xbc, 0xff, 0xff, 0xff, 0xff, 0xff, 0xd4, 0x8c, 0x52, 0x2f, 0x1d, 0x1d, 0x2c, 0x4c, 0x84, 0xcb, 0xff, 0xff, 0xff, 0xff, 0xff, 0xcf, 0x24, 0x00, 0x00, 0x00, 0x00, 0x00,
  0x00, 0x00, 0x00, 0x00, 0x19, 0xd5, 0xff, 0xff, 0xff, 0xff, 0xbd, 0x48, 0x01, 0x00, 0x00, 0x00, 0x00, 0x00, 0x00, 0x00, 0x00, 0x00, 0x3d, 0xaf, 0xff, 0xff, 0xff, 0xff, 0xe6, 0x28, 0x00, 0x00, 0x00, 0x00,
  0x00, 0x00, 0x00, 0x00, 0x6f, 0xff, 0xff, 0xff, 0xf2, 0x61, 0x00, 0x00, 0x00, 0x00, 0x00, 0x04, 0x13, 0x14, 0x06, 0x00, 0x00, 0x00, 0x00, 0x00, 0x50, 0xe5, 0xff, 0xff, 0xff, 0x8d, 0x00, 0x00, 0x00, 0x00,
  0x00, 0x00, 0x00, 0x00, 0x39, 0xfe, 0xff, 0xdd, 0x2d, 0x00, 0x00, 0x00, 0x14, 0x67, 0xb1, 0xdc, 0xef, 0xf0, 0xdf, 0xb8, 0x72, 0x1c, 0x00, 0x00, 0x00, 0x1d, 0xcb, 0xff, 0xff, 0x4c, 0x00, 0x00, 0x00, 0x00,
  0x00, 0x00, 0x00, 0x00, 0x00, 0x3b, 0x6d, 0x18, 0x00, 0x00, 0x00, 0x76, 0xe9, 0xff, 0xff, 0xff, 0xff, 0xff, 0xff, 0xff, 0xff, 0xf1, 0x86, 0x08, 0x00, 0x00, 0x0b, 0x67, 0x44, 0x00, 0x00, 0x00, 0x00, 0x00,
  0x00, 0x00, 0x00, 0x00, 0x00, 0x00, 0x00, 0x00, 0x00, 0x13, 0xbb, 0xff, 0xff, 0xff, 0xff, 0xff, 0xff, 0xff, 0xff, 0xff, 0xff, 0xff, 0xff, 0xcd, 0x21, 0x00, 0x00, 0x00, 0x00, 0x00, 0x00, 0x00, 0x00, 0x00,
  0x00, 0x00, 0x00, 0x00, 0x00, 0x00, 0x00, 0x00, 0x08, 0xc6, 0xff, 0xff, 0xff, 0xff, 0xe4, 0xa4, 0x7d, 0x7c, 0x9e, 0xdb, 0xff, 0xff, 0xff, 0xff, 0xdd, 0x11, 0x00, 0x00, 0x00, 0x00, 0x00, 0x00, 0x00, 0x00,
  0x00, 0x00, 0x00, 0x00, 0x00, 0x00, 0x00, 0x00, 0x18, 0xff, 0xff, 0xff, 0xf3, 0x6e, 0x0d, 0x00, 0x00, 0x00, 0x00, 0x06, 0x5e, 0xe6, 0xff, 0xff, 0xff, 0x2c, 0x00, 0x00, 0x00, 0x00, 0x00, 0x00, 0x00, 0x00,
  0x00, 0x00, 0x00, 0x00, 0x00, 0x00, 0x00, 0x00, 0x00, 0x8f, 0xfe, 0xda, 0x30, 0x00, 0x00, 0x00, 0x17, 0x1a, 0x00, 0x00, 0x00, 0x1e, 0xc8, 0xfc, 0xa2, 0x04, 0x00, 0x00, 0x00, 0x00, 0x00, 0x00, 0x00, 0x00,
  0x00, 0x00, 0x00, 0x00, 0x00, 0x00, 0x00, 0x00, 0x00, 0x00, 0x26, 0x0b, 0x00, 0x00, 0x24, 0xb5, 0xf2, 0xf5, 0xbe, 0x32, 0x00, 0x00, 0x03, 0x23, 0x00, 0x00, 0x00, 0x00, 0x00, 0x00, 0x00, 0x00, 0x00, 0x00,
  0x00, 0x00, 0x00, 0x00, 0x00, 0x00, 0x00, 0x00, 0x00, 0x00, 0x00, 0x00, 0x00, 0x14, 0xe1, 0xff, 0xff, 0xff, 0xff, 0xf1, 0x24, 0x00, 0x00, 0x00, 0x00, 0x00, 0x00, 0x00, 0x00, 0x00, 0x00, 0x00, 0x00, 0x00,
  0x00, 0x00, 0x00, 0x00, 0x00, 0x00, 0x00, 0x00, 0x00, 0x00, 0x00, 0x00, 0x00, 0x7d, 0xff, 0xff, 0xff, 0xff, 0xff, 0xff, 0x9a, 0x00, 0x00, 0x00, 0x00, 0x00, 0x00, 0x00, 0x00, 0x00, 0x00, 0x00, 0x00, 0x00,
  0x00, 0x00, 0x00, 0x00, 0x00, 0x00, 0x00, 0x00, 0x00, 0x00, 0x00, 0x00, 0x00, 0xaf, 0xff, 0xff, 0xff, 0xff, 0xff, 0xff, 0xc7, 0x00, 0x00, 0x00, 0x00, 0x00, 0x00, 0x00, 0x00, 0x00, 0x00, 0x00, 0x00, 0x00,
  0x00, 0x00, 0x00, 0x00, 0x00, 0x00, 0x00, 0x00, 0x00, 0x00, 0x00, 0x00, 0x00, 0x94, 0xff, 0xff, 0xff, 0xff, 0xff, 0xff, 0xaf, 0x00, 0x00, 0x00, 0x00, 0x00, 0x00, 0x00, 0x00, 0x00, 0x00, 0x00, 0x00, 0x00,
  0x00, 0x00, 0x00, 0x00, 0x00, 0x00, 0x00, 0x00, 0x00, 0x00, 0x00, 0x00, 0x00, 0x2f, 0xff, 0xff, 0xff, 0xff, 0xff, 0xff, 0x43, 0x00, 0x00, 0x00, 0x00, 0x00, 0x00, 0x00, 0x00, 0x00, 0x00, 0x00, 0x00, 0x00,
  0x00, 0x00, 0x00, 0x00, 0x00, 0x00, 0x00, 0x00, 0x00, 0x00, 0x00, 0x00, 0x00, 0x00, 0x56, 0xea, 0xff, 0xff, 0xf2, 0x6a, 0x00, 0x00, 0x00, 0x00, 0x00, 0x00, 0x00, 0x00, 0x00, 0x00, 0x00, 0x00, 0x00, 0x00,
  0x00, 0x00, 0x00, 0x00, 0x00, 0x00, 0x00, 0x00, 0x00, 0x00, 0x00, 0x00, 0x00, 0x00, 0x00, 0x0e, 0x3f, 0x42, 0x14, 0x00, 0x00, 0x00, 0x00, 0x00, 0x00, 0x00, 0x00, 0x00, 0x00, 0x00, 0x00, 0x00, 0x00, 0x00,
};

const lv_image_dsc_t ui_img_wifisym_1_png = {
    .header.w = 34,
    .header.h = 29,
    .data_size = sizeof(ui_img_wifisym_1_png_data),
    .header.cf = LV_COLOR_FORMAT_NATIVE_WITH_ALPHA,
    .header.magic = LV_IMAGE_HEADER_MAGIC,
    .data = ui_img_wifisym_1_png_data
};

const LV_ATTRIBUTE_MEM_ALIGN uint8_t ui_img_wifisym_2_png_data[]  = {
  0x00, 0x00, 0x00, 0x00, 0x00, 0x00, 0x00, 0x00, 0x00, 0x00, 0x00, 0x00, 0x00, 0x00, 0x00, 0x00, 0x00, 0x00, 0x00, 0x00, 0x00, 0x00, 0x00, 0x00, 0x00, 0x00, 0x00, 0x00, 0x00, 0x00, 0x00, 0x00, 0x00, 0x00, 0x00, 0x00, 0x00, 0x00, 0x00, 0x00, 0x00, 0x00, 0x00, 0x00, 0x00, 0x00, 0x00, 0x00, 0x00, 0x00, 0x00, 0x00, 0x00, 0x00, 0x00, 0x00, 0x00, 0x00, 0x00, 0x00, 0x00, 0x00, 0x00, 0x00, 0x00, 0x00, 0x00, 0x00,
  0x00, 0x00, 0x00, 0x00, 0x00, 0x00, 0x00, 0x00, 0x00, 0x00, 0x00, 0x00, 0x00, 0x00, 0x00, 0x00, 0x00, 0x00, 0x00, 0x00, 0x00, 0x00, 0x00, 0x00, 0x00, 0x00, 0x00, 0x00, 0x00, 0x00, 0x00, 0x00, 0x00, 0x00, 0x00, 0x00, 0x00, 0x00, 0x00, 0x00, 0x00, 0x00, 0x00, 0x00, 0x00, 0x00, 0x00, 0x00, 0x00, 0x00, 0x00, 0x00, 0x00, 0x00, 0x00, 0x00, 0x00, 0x00, 0x00, 0x00, 0x00, 0x00, 0x00, 0x00, 0x00, 0x00, 0x00, 0x00,
  0x00, 0x00, 0x00, 0x00, 0x00, 0x00, 0x00, 0x00, 0x00, 0x00, 0x00, 0x00, 0x00, 0x00, 0x00, 0x00, 0x00, 0x00, 0x00, 0x00, 0xff, 0xff, 0xd3, 0x9c, 0x8e, 0x73, 0x0c, 0x63, 0x49, 0x4a, 0x49, 0x4a, 0xc7, 0x39, 0xa7, 0x39, 0x49, 0x4a, 0x49, 0x4a, 0xcb, 0x5a, 0x4d, 0x6b, 0x31, 0x8c, 0xff, 0xff, 0x00, 0x00, 0x00, 0x00, 0x00, 0x00, 0x00, 0x00, 0x00, 0x00, 0x00, 0x00, 0x00, 0x00, 0x00, 0x00, 0x00, 0x00, 0x00, 0x00,
  0x00, 0x00, 0x00, 0x00, 0x00, 0x00, 0x00, 0x00, 0x00, 0x00, 0x00, 0x00, 0x00, 0x00, 0x00, 0x00, 0x92, 0x94, 0xaa, 0x52, 0x08, 0x42, 0x66, 0x31, 0x45, 0x29, 0x04, 0x21, 0xe4, 0x20, 0xc3, 0x18, 0xe3, 0x18, 0xe3, 0x18, 0xc3, 0x18, 0xe3, 0x18, 0x04, 0x21, 0x25, 0x29, 0x65, 0x29, 0xe7, 0x39, 0x8a, 0x52, 0x31, 0x8c, 0x00, 0x00, 0x00, 0x00, 0x00, 0x00, 0x00, 0x00, 0x00, 0x00, 0x00, 0x00, 0x00, 0x00, 0x00, 0x00,
  0x00, 0x00, 0x00, 0x00, 0x00, 0x00, 0x00, 0x00, 0x00, 0x00, 0x00, 0x00, 0x8e, 0x73, 0x08, 0x42, 0x66, 0x31, 0x04, 0x21, 0xc3, 0x18, 0xc3, 0x18, 0xc3, 0x18, 0xc3, 0x18, 0xc3, 0x18, 0xe3, 0x18, 0xe4, 0x20, 0xe4, 0x20, 0xe3, 0x18, 0xc3, 0x18, 0xc3, 0x18, 0xc3, 0x18, 0xc3, 0x18, 0xc3, 0x18, 0xe4, 0x20, 0x65, 0x29, 0x08, 0x42, 0x4d, 0x6b, 0xff, 0xff, 0x00, 0x00, 0x00, 0x00, 0x00, 0x00, 0x00, 0x00, 0x00, 0x00,
  0x00, 0x00, 0x00, 0x00, 0x00, 0x00, 0x00, 0x00, 0x31, 0x8c, 0x49, 0x4a, 0x45, 0x29, 0xe3, 0x18, 0xc3, 0x18, 0xc3, 0x18, 0xe3, 0x18, 0x24, 0x21, 0x66, 0x31, 0xc7, 0x39, 0x08, 0x42, 0x8a, 0x52, 0x49, 0x4a, 0x28, 0x42, 0x6a, 0x52, 0x08, 0x42, 0x86, 0x31, 0x86, 0x31, 0x25, 0x29, 0xe3, 0x18, 0xc3, 0x18, 0xc3, 0x18, 0xc3, 0x18, 0x45, 0x29, 0x08, 0x42, 0xaf, 0x7b, 0x00, 0x00, 0x00, 0x00, 0x00, 0x00, 0x00, 0x00,
  0x00, 0x00, 0x00, 0x00, 0xff, 0xff, 0xcb, 0x5a, 0x66, 0x31, 0xe3, 0x18, 0xe3, 0x18, 0xc3, 0x18, 0xe4, 0x20, 0x66, 0x31, 0x28, 0x42, 0x0c, 0x63, 0xb3, 0x9c, 0xff, 0xff, 0x00, 0x00, 0x00, 0x00, 0x00, 0x00, 0x00, 0x00, 0x00, 0x00, 0x00, 0x00, 0xff, 0xff, 0x14, 0xa5, 0x4d, 0x6b, 0x29, 0x4a, 0x86, 0x31, 0x04, 0x21, 0xc3, 0x18, 0xe3, 0x18, 0xc3, 0x18, 0x45, 0x29, 0x8a, 0x52, 0xff, 0xff, 0x00, 0x00, 0x00, 0x00,
  0x00, 0x00, 0x96, 0xb5, 0x28, 0x42, 0x24, 0x21, 0xc3, 0x18, 0xc3, 0x18, 0xe4, 0x20, 0x86, 0x31, 0xaa, 0x52, 0x72, 0x94, 0x00, 0x00, 0x00, 0x00, 0x00, 0x00, 0x00, 0x00, 0x00, 0x00, 0x00, 0x00, 0x00, 0x00, 0x00, 0x00, 0x00, 0x00, 0x00, 0x00, 0x00, 0x00, 0x00, 0x00, 0x00, 0x00, 0x00, 0x00, 0x75, 0xad, 0xeb, 0x5a, 0xa6, 0x31, 0x04, 0x21, 0xc3, 0x18, 0xc3, 0x18, 0x04, 0x21, 0x08, 0x42, 0xb3, 0x9c, 0x00, 0x00,
  0xcf, 0x7b, 0xc7, 0x39, 0xe4, 0x20, 0xe3, 0x18, 0xc3, 0x18, 0x45, 0x29, 0x69, 0x4a, 0xf3, 0x9c, 0x00, 0x00, 0x00, 0x00, 0x00, 0x00, 0x00, 0x00, 0x00, 0x00, 0x1c, 0xe7, 0x71, 0x8c, 0x4d, 0x6b, 0x8e, 0x73, 0x8e, 0x73, 0xab, 0x5a, 0x31, 0x8c, 0xfc, 0xe6, 0x00, 0x00, 0x00, 0x00, 0x00, 0x00, 0x00, 0x00, 0x00, 0x00, 0x18, 0xc6, 0x8a, 0x52, 0x45, 0x29, 0xe3, 0x18, 0xe3, 0x18, 0xe3, 0x18, 0xa7, 0x39, 0x51, 0x8c,
  0xab, 0x5a, 0xe3, 0x18, 0xe3, 0x18, 0xe3, 0x18, 0x86, 0x31, 0x4d, 0x6b, 0x00, 0x00, 0x00, 0x00, 0x00, 0x00, 0x00, 0x00, 0x96, 0xb5, 0x0c, 0x63, 0x49, 0x4a, 0xa6, 0x31, 0x66, 0x31, 0x45, 0x29, 0x45, 0x29, 0x45, 0x29, 0x25, 0x29, 0x66, 0x31, 0xa6, 0x31, 0x08, 0x42, 0xec, 0x62, 0x92, 0x94, 0x00, 0x00, 0x00, 0x00, 0x00, 0x00, 0x00, 0x00, 0xae, 0x73, 0xa7, 0x39, 0xe3, 0x18, 0xe3, 0x18, 0xc3, 0x18, 0x49, 0x4a,
  0xeb, 0x5a, 0xe4, 0x20, 0xe4, 0x20, 0xa7, 0x39, 0xef, 0x7b, 0x00, 0x00, 0x00, 0x00, 0x00, 0x00, 0x92, 0x94, 0x8a, 0x52, 0x86, 0x31, 0x04, 0x21, 0xc3, 0x18, 0xc3, 0x18, 0xc3, 0x18, 0xc3, 0x18, 0xc3, 0x18, 0xc3, 0x18, 0xc3, 0x18, 0xc3, 0x18, 0xc3, 0x18, 0xc3, 0x18, 0x04, 0x21, 0x66, 0x31, 0x49, 0x4a, 0x71, 0x8c, 0x00, 0x00, 0x00, 0x00, 0x00, 0x00, 0x35, 0xad, 0xe8, 0x41, 0x04, 0x21, 0xe3, 0x18, 0x49, 0x4a,
  0xd3, 0x9c, 0x6a, 0x52, 0x69, 0x4a, 0x55, 0xad, 0x00, 0x00, 0x00, 0x00, 0x00, 0x00, 0xcb, 0x5a, 0x86, 0x31, 0xe4, 0x20, 0xc3, 0x18, 0xc3, 0x18, 0xc3, 0x18, 0x04, 0x21, 0x45, 0x29, 0x86, 0x31, 0x86, 0x31, 0x86, 0x31, 0x86, 0x31, 0x45, 0x29, 0x04, 0x21, 0xc3, 0x18, 0xc3, 0x18, 0xc3, 0x18, 0xe3, 0x18, 0x86, 0x31, 0xaa, 0x52, 0xff, 0xff, 0x00, 0x00, 0x00, 0x00, 0xff, 0xff, 0x69, 0x4a, 0x49, 0x4a, 0xd3, 0x9c,
  0x00, 0x00, 0x00, 0x00, 0x00, 0x00, 0x00, 0x00, 0x00, 0x00, 0x55, 0xad, 0x08, 0x42, 0x24, 0x21, 0xc3, 0x18, 0xe3, 0x18, 0xe3, 0x18, 0x45, 0x29, 0xe8, 0x41, 0xcb, 0x5a, 0xae, 0x73, 0x34, 0xa5, 0x79, 0xce, 0x18, 0xc6, 0x55, 0xad, 0xaf, 0x7b, 0xec, 0x62, 0x28, 0x42, 0x65, 0x29, 0xe4, 0x20, 0xe3, 0x18, 0xc3, 0x18, 0x04, 0x21, 0xe7, 0x39, 0x10, 0x84, 0x00, 0x00, 0x00, 0x00, 0x00, 0x00, 0x00, 0x00, 0x00, 0x00,
  0x00, 0x00, 0x00, 0x00, 0x00, 0x00, 0x00, 0x00, 0xd3, 0x9c, 0xc7, 0x39, 0xe4, 0x20, 0xe3, 0x18, 0xc3, 0x18, 0x45, 0x29, 0x49, 0x4a, 0xcf, 0x7b, 0xff, 0xff, 0x00, 0x00, 0x00, 0x00, 0x00, 0x00, 0x00, 0x00, 0x00, 0x00, 0x00, 0x00, 0x00, 0x00, 0x00, 0x00, 0x00, 0x00, 0x51, 0x8c, 0x29, 0x4a, 0x45, 0x29, 0xc3, 0x18, 0xe3, 0x18, 0xe3, 0x18, 0xc7, 0x39, 0x10, 0x84, 0x00, 0x00, 0x00, 0x00, 0x00, 0x00, 0x00, 0x00,
  0x00, 0x00, 0x00, 0x00, 0x00, 0x00, 0x00, 0x00, 0x8a, 0x52, 0x24, 0x21, 0xc3, 0x18, 0xe3, 0x18, 0xa6, 0x31, 0x8e, 0x73, 0x00, 0x00, 0x00, 0x00, 0x00, 0x00, 0x00, 0x00, 0x00, 0x00, 0x08, 0x42, 0xdb, 0xde, 0xdb, 0xde, 0x75, 0xad, 0x00, 0x00, 0x00, 0x00, 0x00, 0x00, 0x00, 0x00, 0x00, 0x00, 0x6e, 0x73, 0xa7, 0x39, 0xe3, 0x18, 0xe3, 0x18, 0x04, 0x21, 0x69, 0x4a, 0x00, 0x00, 0x00, 0x00, 0x00, 0x00, 0x00, 0x00,
  0x00, 0x00, 0x00, 0x00, 0x00, 0x00, 0x00, 0x00, 0x8e, 0x73, 0xa6, 0x31, 0x24, 0x21, 0xa7, 0x39, 0xb2, 0x94, 0x00, 0x00, 0x00, 0x00, 0x00, 0x00, 0xdb, 0xde, 0xbf, 0xff, 0xdf, 0xff, 0xff, 0xff, 0xff, 0xff, 0xff, 0xff, 0xff, 0xff, 0xdf, 0xff, 0xbf, 0xff, 0x3d, 0xef, 0x00, 0x00, 0x00, 0x00, 0x00, 0x00, 0x55, 0xad, 0x08, 0x42, 0x45, 0x29, 0x86, 0x31, 0x4d, 0x6b, 0x00, 0x00, 0x00, 0x00, 0x00, 0x00, 0x00, 0x00,
  0x00, 0x00, 0x00, 0x00, 0x00, 0x00, 0x00, 0x00, 0x00, 0x00, 0xcf, 0x7b, 0x8e, 0x73, 0xb3, 0x9c, 0x00, 0x00, 0x00, 0x00, 0x00, 0x00, 0xbf, 0xff, 0xff, 0xff, 0xff, 0xff, 0xff, 0xff, 0xff, 0xff, 0xff, 0xff, 0xff, 0xff, 0xff, 0xff, 0xff, 0xff, 0xff, 0xff, 0xff, 0xff, 0xbf, 0xff, 0x18, 0xc6, 0x00, 0x00, 0x00, 0x00, 0xff, 0xff, 0xaf, 0x7b, 0xcf, 0x7b, 0x00, 0x00, 0x00, 0x00, 0x00, 0x00, 0x00, 0x00, 0x00, 0x00,
  0x00, 0x00, 0x00, 0x00, 0x00, 0x00, 0x00, 0x00, 0x00, 0x00, 0x00, 0x00, 0x00, 0x00, 0x00, 0x00, 0x00, 0x00, 0xdb, 0xde, 0xff, 0xff, 0xff, 0xff, 0xff, 0xff, 0xff, 0xff, 0xff, 0xff, 0xff, 0xff, 0xff, 0xff, 0xff, 0xff, 0xff, 0xff, 0xff, 0xff, 0xff, 0xff, 0xff, 0xff, 0xff, 0xff, 0xff, 0xff, 0x5d, 0xef, 0x00, 0x00, 0x00, 0x00, 0x00, 0x00, 0x00, 0x00, 0x00, 0x00, 0x00, 0x00, 0x00, 0x00, 0x00, 0x00, 0x00, 0x00,
  0x00, 0x00, 0x00, 0x00, 0x00, 0x00, 0x00, 0x00, 0x00, 0x00, 0x00, 0x00, 0x00, 0x00, 0x00, 0x00, 0x1c, 0xe7, 0xdf, 0xff, 0xff, 0xff, 0xff, 0xff, 0xff, 0xff, 0xff, 0xff, 0xff, 0xff, 0xdf, 0xff, 0xbf, 0xff, 0xbf, 0xff, 0xbf, 0xff, 0xff, 0xff, 0xff, 0xff, 0xff, 0xff, 0xff, 0xff, 0xff, 0xff, 0xff, 0xff, 0x1c, 0xe7, 0x00, 0x00, 0x00, 0x00, 0x00, 0x00, 0x00, 0x00, 0x00, 0x00, 0x00, 0x00, 0x00, 0x00, 0x00, 0x00,
  0x00, 0x00, 0x00, 0x00, 0x00, 0x00, 0x00, 0x00, 0x00, 0x00, 0x00, 0x00, 0x00, 0x00, 0x00, 0x00, 0xbb, 0xde, 0xff, 0xff, 0xff, 0xff, 0xff, 0xff, 0xff, 0xff, 0xdf, 0xff, 0x39, 0xce, 0x00, 0x00, 0x00, 0x00, 0x00, 0x00, 0x00, 0x00, 0x75, 0xad, 0xbf, 0xff, 0xff, 0xff, 0xff, 0xff, 0xff, 0xff, 0xff, 0xff, 0x5d, 0xef, 0x00, 0x00, 0x00, 0x00, 0x00, 0x00, 0x00, 0x00, 0x00, 0x00, 0x00, 0x00, 0x00, 0x00, 0x00, 0x00,
  0x00, 0x00, 0x00, 0x00, 0x00, 0x00, 0x00, 0x00, 0x00, 0x00, 0x00, 0x00, 0x00, 0x00, 0x00, 0x00, 0x00, 0x00, 0xdf, 0xff, 0xff, 0xff, 0xff, 0xff, 0x7d, 0xef, 0x00, 0x00, 0x00, 0x00, 0x00, 0x00, 0x5d, 0xef, 0x3c, 0xe7, 0x00, 0x00, 0x00, 0x00, 0x00, 0x00, 0x5d, 0xef, 0xdf, 0xff, 0xff, 0xff, 0xdf, 0xff, 0x18, 0xc6, 0x00, 0x00, 0x00, 0x00, 0x00, 0x00, 0x00, 0x00, 0x00, 0x00, 0x00, 0x00, 0x00, 0x00, 0x00, 0x00,
  0x00, 0x00, 0x00, 0x00, 0x00, 0x00, 0x00, 0x00, 0x00, 0x00, 0x00, 0x00, 0x00, 0x00, 0x00, 0x00, 0x00, 0x00, 0x00, 0x00, 0x3d, 0xef, 0x9a, 0xd6, 0x00, 0x00, 0x00, 0x00, 0x7d, 0xef, 0xdf, 0xff, 0xff, 0xff, 0xff, 0xff, 0xff, 0xff, 0x7d, 0xef, 0x00, 0x00, 0x00, 0x00, 0xab, 0x5a, 0x3c, 0xe7, 0x00, 0x00, 0x00, 0x00, 0x00, 0x00, 0x00, 0x00, 0x00, 0x00, 0x00, 0x00, 0x00, 0x00, 0x00, 0x00, 0x00, 0x00, 0x00, 0x00,
  0x00, 0x00, 0x00, 0x00, 0x00, 0x00, 0x00, 0x00, 0x00, 0x00, 0x00, 0x00, 0x00, 0x00, 0x00, 0x00, 0x00, 0x00, 0x00, 0x00, 0x00, 0x00, 0x00, 0x00, 0x00, 0x00, 0x5d, 0xef, 0xff, 0xff, 0xff, 0xff, 0xff, 0xff, 0xff, 0xff, 0xff, 0xff, 0xff, 0xff, 0x7d, 0xef, 0x00, 0x00, 0x00, 0x00, 0x00, 0x00, 0x00, 0x00, 0x00, 0x00, 0x00, 0x00, 0x00, 0x00, 0x00, 0x00, 0x00, 0x00, 0x00, 0x00, 0x00, 0x00, 0x00, 0x00, 0x00, 0x00,
  0x00, 0x00, 0x00, 0x00, 0x00, 0x00, 0x00, 0x00, 0x00, 0x00, 0x00, 0x00, 0x00, 0x00, 0x00, 0x00, 0x00, 0x00, 0x00, 0x00, 0x00, 0x00, 0x00, 0x00, 0x00, 0x00, 0xbf, 0xff, 0xff, 0xff, 0xff, 0xff, 0xff, 0xff, 0xff, 0xff, 0xff, 0xff, 0xff, 0xff, 0xdf, 0xff, 0x00, 0x00, 0x00, 0x00, 0x00, 0x00, 0x00, 0x00, 0x00, 0x00, 0x00, 0x00, 0x00, 0x00, 0x00, 0x00, 0x00, 0x00, 0x00, 0x00, 0x00, 0x00, 0x00, 0x00, 0x00, 0x00,
  0x00, 0x00, 0x00, 0x00, 0x00, 0x00, 0x00, 0x00, 0x00, 0x00, 0x00, 0x00, 0x00, 0x00, 0x00, 0x00, 0x00, 0x00, 0x00, 0x00, 0x00, 0x00, 0x00, 0x00, 0x00, 0x00, 0xdf, 0xff, 0xff, 0xff, 0xff, 0xff, 0xff, 0xff, 0xff, 0xff, 0xff, 0xff, 0xff, 0xff, 0xdf, 0xff, 0x00, 0x00, 0x00, 0x00, 0x00, 0x00, 0x00, 0x00, 0x00, 0x00, 0x00, 0x00, 0x00, 0x00, 0x00, 0x00, 0x00, 0x00, 0x00, 0x00, 0x00, 0x00, 0x00, 0x00, 0x00, 0x00,
  0x00, 0x00, 0x00, 0x00, 0x00, 0x00, 0x00, 0x00, 0x00, 0x00, 0x00, 0x00, 0x00, 0x00, 0x00, 0x00, 0x00, 0x00, 0x00, 0x00, 0x00, 0x00, 0x00, 0x00, 0x00, 0x00, 0xdf, 0xff, 0xff, 0xff, 0xff, 0xff, 0xff, 0xff, 0xff, 0xff, 0xff, 0xff, 0xff, 0xff, 0xdf, 0xff, 0x00, 0x00, 0x00, 0x00, 0x00, 0x00, 0x00, 0x00, 0x00, 0x00, 0x00, 0x00, 0x00, 0x00, 0x00, 0x00, 0x00, 0x00, 0x00, 0x00, 0x00, 0x00, 0x00, 0x00, 0x00, 0x00,
  0x00, 0x00, 0x00, 0x00, 0x00, 0x00, 0x00, 0x00, 0x00, 0x00, 0x00, 0x00, 0x00, 0x00, 0x00, 0x00, 0x00, 0x00, 0x00, 0x00, 0x00, 0x00, 0x00, 0x00, 0x00, 0x00, 0x5d, 0xef, 0xff, 0xff, 0xff, 0xff, 0xff, 0xff, 0xff, 0xff, 0xff, 0xff, 0xff, 0xff, 0x9e, 0xf7, 0x00, 0x00, 0x00, 0x00, 0x00, 0x00, 0x00, 0x00, 0x00, 0x00, 0x00, 0x00, 0x00, 0x00, 0x00, 0x00, 0x00, 0x00, 0x00, 0x00, 0x00, 0x00, 0x00, 0x00, 0x00, 0x00,
  0x00, 0x00, 0x00, 0x00, 0x00, 0x00, 0x00, 0x00, 0x00, 0x00, 0x00, 0x00, 0x00, 0x00, 0x00, 0x00, 0x00, 0x00, 0x00, 0x00, 0x00, 0x00, 0x00, 0x00, 0x00, 0x00, 0x00, 0x00, 0xbe, 0xf7, 0xff, 0xff, 0xff, 0xff, 0xff, 0xff, 0xff, 0xff, 0xbe, 0xf7, 0x00, 0x00, 0x00, 0x00, 0x00, 0x00, 0x00, 0x00, 0x00, 0x00, 0x00, 0x00, 0x00, 0x00, 0x00, 0x00, 0x00, 0x00, 0x00, 0x00, 0x00, 0x00, 0x00, 0x00, 0x00, 0x00, 0x00, 0x00,
  0x00, 0x00, 0x00, 0x00, 0x00, 0x00, 0x00, 0x00, 0x00, 0x00, 0x00, 0x00, 0x00, 0x00, 0x00, 0x00, 0x00, 0x00, 0x00, 0x00, 0x00, 0x00, 0x00, 0x00, 0x00, 0x00, 0x00, 0x00, 0x00, 0x00, 0x59, 0xce, 0x9e, 0xf7, 0x9e, 0xf7, 0xdb, 0xde, 0x00, 0x00, 0x00, 0x00, 0x00, 0x00, 0x00, 0x00, 0x00, 0x00, 0x00, 0x00, 0x00, 0x00, 0x00, 0x00, 0x00, 0x00, 0x00, 0x00, 0x00, 0x00, 0x00, 0x00, 0x00, 0x00, 0x00, 0x00, 0x00, 0x00,

  0x00, 0x00, 0x00, 0x00, 0x00, 0x00, 0x00, 0x00, 0x00, 0x00, 0x00, 0x00, 0x00, 0x00, 0x00, 0x00, 0x00, 0x00, 0x00, 0x00, 0x00, 0x00, 0x00, 0x00, 0x00, 0x00, 0x00, 0x00, 0x00, 0x00, 0x00, 0x00, 0x00, 0x00,
  0x00, 0x00, 0x00, 0x00, 0x00, 0x00, 0x00, 0x00, 0x00, 0x00, 0x00, 0x00, 0x00, 0x00, 0x00, 0x00, 0x00, 0x00, 0x00, 0x00, 0x00, 0x00, 0x00, 0x00, 0x00, 0x00, 0x00, 0x00, 0x00, 0x00, 0x00, 0x00, 0x00, 0x00,
  0x00, 0x00, 0x00, 0x00, 0x00, 0x00, 0x00, 0x00, 0x00, 0x00, 0x03, 0x2f, 0x61, 0x8d, 0xad, 0xc1, 0xcb, 0xcc, 0xc4, 0xb0, 0x92, 0x66, 0x34, 0x07, 0x00, 0x00, 0x00, 0x00, 0x00, 0x00, 0x00, 0x00, 0x00, 0x00,
  0x00, 0x00, 0x00, 0x00, 0x00, 0x00, 0x00, 0x00, 0x3b, 0x92, 0xd9, 0xff, 0xff, 0xff, 0xff, 0xff, 0xff, 0xff, 0xff, 0xff, 0xff, 0xff, 0xff, 0xdf, 0x9c, 0x45, 0x00, 0x00, 0x00, 0x00, 0x00, 0x00, 0x00, 0x00,
  0x00, 0x00, 0x00, 0x00, 0x00, 0x00, 0x54, 0xc4, 0xff, 0xff, 0xff, 0xff, 0xff, 0xff, 0xff, 0xff, 0xff, 0xff, 0xff, 0xff, 0xff, 0xff, 0xff, 0xff, 0xff, 0xff, 0xcf, 0x63, 0x03, 0x00, 0x00, 0x00, 0x00, 0x00,
  0x00, 0x00, 0x00, 0x00, 0x3a, 0xc1, 0xff, 0xff, 0xff, 0xff, 0xff, 0xff, 0xff, 0xeb, 0xce, 0xb8, 0xab, 0xa9, 0xb4, 0xca, 0xe7, 0xff, 0xff, 0xff, 0xff, 0xff, 0xff, 0xff, 0xd0, 0x4b, 0x00, 0x00, 0x00, 0x00,
  0x00, 0x00, 0x01, 0x86, 0xff, 0xff, 0xff, 0xff, 0xff, 0xff, 0xc2, 0x75, 0x37, 0x10, 0x00, 0x00, 0x00, 0x00, 0x00, 0x00, 0x0c, 0x31, 0x6d, 0xb9, 0xfa, 0xff, 0xff, 0xff, 0xff, 0xff, 0x9a, 0x0b, 0x00, 0x00,
  0x00, 0x16, 0xbd, 0xff, 0xff, 0xff, 0xff, 0xf8, 0x98, 0x31, 0x00, 0x00, 0x00, 0x00, 0x00, 0x00, 0x00, 0x00, 0x00, 0x00, 0x00, 0x00, 0x00, 0x00, 0x27, 0x8a, 0xef, 0xff, 0xff, 0xff, 0xff, 0xd0, 0x26, 0x00,
  0x1a, 0xd9, 0xff, 0xff, 0xff, 0xff, 0xad, 0x29, 0x00, 0x00, 0x00, 0x00, 0x00, 0x19, 0x3d, 0x5a, 0x69, 0x6a, 0x5d, 0x41, 0x1d, 0x00, 0x00, 0x00, 0x00, 0x00, 0x1d, 0x9a, 0xff, 0xff, 0xff, 0xff, 0xe9, 0x29,
  0xad, 0xff, 0xff, 0xff, 0xf2, 0x5f, 0x00, 0x00, 0x00, 0x00, 0x26, 0x7c, 0xc6, 0xf3, 0xff, 0xff, 0xff, 0xff, 0xff, 0xff, 0xf7, 0xcd, 0x86, 0x30, 0x00, 0x00, 0x00, 0x00, 0x4a, 0xe4, 0xff, 0xff, 0xff, 0xcb,
  0xa6, 0xff, 0xff, 0xdc, 0x2e, 0x00, 0x00, 0x00, 0x2c, 0xa4, 0xfa, 0xff, 0xff, 0xff, 0xff, 0xff, 0xff, 0xff, 0xff, 0xff, 0xff, 0xff, 0xff, 0xff, 0xb3, 0x39, 0x00, 0x00, 0x00, 0x1c, 0xc8, 0xff, 0xff, 0xc3,
  0x16, 0xad, 0xaa, 0x1a, 0x00, 0x00, 0x00, 0x7f, 0xf9, 0xff, 0xff, 0xff, 0xff, 0xff, 0xff, 0xff, 0xf8, 0xf7, 0xff, 0xff, 0xff, 0xff, 0xff, 0xff, 0xff, 0xff, 0x93, 0x0a, 0x00, 0x00, 0x0b, 0x9a, 0xaf, 0x20,
  0x00, 0x00, 0x00, 0x00, 0x00, 0x14, 0xbc, 0xff, 0xff, 0xff, 0xff, 0xff, 0xd4, 0x8c, 0x52, 0x2f, 0x1d, 0x1d, 0x2c, 0x4c, 0x84, 0xcb, 0xff, 0xff, 0xff, 0xff, 0xff, 0xcf, 0x24, 0x00, 0x00, 0x00, 0x00, 0x00,
  0x00, 0x00, 0x00, 0x00, 0x19, 0xd5, 0xff, 0xff, 0xff, 0xff, 0xbd, 0x48, 0x01, 0x00, 0x00, 0x00, 0x00, 0x00, 0x00, 0x00, 0x00, 0x00, 0x3d, 0xaf, 0xff, 0xff, 0xff, 0xff, 0xe6, 0x28, 0x00, 0x00, 0x00, 0x00,
  0x00, 0x00, 0x00, 0x00, 0x6f, 0xff, 0xff, 0xff, 0xf2, 0x61, 0x00, 0x00, 0x00, 0x00, 0x00, 0x04, 0x13, 0x14, 0x06, 0x00, 0x00, 0x00, 0x00, 0x00, 0x50, 0xe5, 0xff, 0xff, 0xff, 0x8d, 0x00, 0x00, 0x00, 0x00,
  0x00, 0x00, 0x00, 0x00, 0x39, 0xfe, 0xff, 0xdd, 0x2d, 0x00, 0x00, 0x00, 0x14, 0x67, 0xb1, 0xdc, 0xef, 0xf0, 0xdf, 0xb8, 0x72, 0x1c, 0x00, 0x00, 0x00, 0x1d, 0xcb, 0xff, 0xff, 0x4c, 0x00, 0x00, 0x00, 0x00,
  0x00, 0x00, 0x00, 0x00, 0x00, 0x3b, 0x6d, 0x18, 0x00, 0x00, 0x00, 0x76, 0xe9, 0xff, 0xff, 0xff, 0xff, 0xff, 0xff, 0xff, 0xff, 0xf1, 0x86, 0x08, 0x00, 0x00, 0x0b, 0x67, 0x44, 0x00, 0x00, 0x00, 0x00, 0x00,
  0x00, 0x00, 0x00, 0x00, 0x00, 0x00, 0x00, 0x00, 0x00, 0x13, 0xbb, 0xff, 0xff, 0xff, 0xff, 0xff, 0xff, 0xff, 0xff, 0xff, 0xff, 0xff, 0xff, 0xcd, 0x21, 0x00, 0x00, 0x00, 0x00, 0x00, 0x00, 0x00, 0x00, 0x00,
  0x00, 0x00, 0x00, 0x00, 0x00, 0x00, 0x00, 0x00, 0x08, 0xc6, 0xff, 0xff, 0xff, 0xff, 0xe4, 0xa4, 0x7d, 0x7c, 0x9e, 0xdb, 0xff, 0xff, 0xff, 0xff, 0xdd, 0x11, 0x00, 0x00, 0x00, 0x00, 0x00, 0x00, 0x00, 0x00,
  0x00, 0x00, 0x00, 0x00, 0x00, 0x00, 0x00, 0x00, 0x18, 0xff, 0xff, 0xff, 0xf3, 0x6e, 0x0d, 0x00, 0x00, 0x00, 0x00, 0x06, 0x5e, 0xe6, 0xff, 0xff, 0xff, 0x2c, 0x00, 0x00, 0x00, 0x00, 0x00, 0x00, 0x00, 0x00,
  0x00, 0x00, 0x00, 0x00, 0x00, 0x00, 0x00, 0x00, 0x00, 0x8f, 0xfe, 0xda, 0x30, 0x00, 0x00, 0x00, 0x17, 0x1a, 0x00, 0x00, 0x00, 0x1e, 0xc8, 0xfc, 0xa2, 0x04, 0x00, 0x00, 0x00, 0x00, 0x00, 0x00, 0x00, 0x00,
  0x00, 0x00, 0x00, 0x00, 0x00, 0x00, 0x00, 0x00, 0x00, 0x00, 0x26, 0x0b, 0x00, 0x00, 0x24, 0xb5, 0xf2, 0xf5, 0xbe, 0x32, 0x00, 0x00, 0x03, 0x23, 0x00, 0x00, 0x00, 0x00, 0x00, 0x00, 0x00, 0x00, 0x00, 0x00,
  0x00, 0x00, 0x00, 0x00, 0x00, 0x00, 0x00, 0x00, 0x00, 0x00, 0x00, 0x00, 0x00, 0x14, 0xe1, 0xff, 0xff, 0xff, 0xff, 0xf1, 0x24, 0x00, 0x00, 0x00, 0x00, 0x00, 0x00, 0x00, 0x00, 0x00, 0x00, 0x00, 0x00, 0x00,
  0x00, 0x00, 0x00, 0x00, 0x00, 0x00, 0x00, 0x00, 0x00, 0x00, 0x00, 0x00, 0x00, 0x7d, 0xff, 0xff, 0xff, 0xff, 0xff, 0xff, 0x9a, 0x00, 0x00, 0x00, 0x00, 0x00, 0x00, 0x00, 0x00, 0x00, 0x00, 0x00, 0x00, 0x00,
  0x00, 0x00, 0x00, 0x00, 0x00, 0x00, 0x00, 0x00, 0x00, 0x00, 0x00, 0x00, 0x00, 0xaf, 0xff, 0xff, 0xff, 0xff, 0xff, 0xff, 0xc7, 0x00, 0x00, 0x00, 0x00, 0x00, 0x00, 0x00, 0x00, 0x00, 0x00, 0x00, 0x00, 0x00,
  0x00, 0x00, 0x00, 0x00, 0x00, 0x00, 0x00, 0x00, 0x00, 0x00, 0x00, 0x00, 0x00, 0x94, 0xff, 0xff, 0xff, 0xff, 0xff, 0xff, 0xaf, 0x00, 0x00, 0x00, 0x00, 0x00, 0x00, 0x00, 0x00, 0x00, 0x00, 0x00, 0x00, 0x00,
  0x00, 0x00, 0x00, 0x00, 0x00, 0x00, 0x00, 0x00, 0x00, 0x00, 0x00, 0x00, 0x00, 0x2f, 0xff, 0xff, 0xff, 0xff, 0xff, 0xff, 0x43, 0x00, 0x00, 0x00, 0x00, 0x00, 0x00, 0x00, 0x00, 0x00, 0x00, 0x00, 0x00, 0x00,
  0x00, 0x00, 0x00, 0x00, 0x00, 0x00, 0x00, 0x00, 0x00, 0x00, 0x00, 0x00, 0x00, 0x00, 0x56, 0xea, 0xff, 0xff, 0xf2, 0x6a, 0x00, 0x00, 0x00, 0x00, 0x00, 0x00, 0x00, 0x00, 0x00, 0x00, 0x00, 0x00, 0x00, 0x00,
  0x00, 0x00, 0x00, 0x00, 0x00, 0x00, 0x00, 0x00, 0x00, 0x00, 0x00, 0x00, 0x00, 0x00, 0x00, 0x0e, 0x3f, 0x42, 0x14, 0x00, 0x00, 0x00, 0x00, 0x00, 0x00, 0x00, 0x00, 0x00, 0x00, 0x00, 0x00, 0x00, 0x00, 0x00,
};

const lv_image_dsc_t ui_img_wifisym_2_png = {
    .header.w = 34,
    .header.h = 29,
    .data_size = sizeof(ui_img_wifisym_2_png_data),
    .header.cf = LV_COLOR_FORMAT_NATIVE_WITH_ALPHA,
    .header.magic = LV_IMAGE_HEADER_MAGIC,
    .data = ui_img_wifisym_2_png_data
};

const LV_ATTRIBUTE_MEM_ALIGN uint8_t ui_img_wifisym_3_png_data[]  = {
  0x00, 0x00, 0x00, 0x00, 0x00, 0x00, 0x00, 0x00, 0x00, 0x00, 0x00, 0x00, 0x00, 0x00, 0x00, 0x00, 0x00, 0x00, 0x00, 0x00, 0x00, 0x00, 0x00, 0x00, 0x00, 0x00, 0x00, 0x00, 0x00, 0x00, 0x00, 0x00, 0x00, 0x00, 0x00, 0x00, 0x00, 0x00, 0x00, 0x00, 0x00, 0x00, 0x00, 0x00, 0x00, 0x00, 0x00, 0x00, 0x00, 0x00, 0x00, 0x00, 0x00, 0x00, 0x00, 0x00, 0x00, 0x00, 0x00, 0x00, 0x00, 0x00, 0x00, 0x00, 0x00, 0x00, 0x00, 0x00,
  0x00, 0x00, 0x00, 0x00, 0x00, 0x00, 0x00, 0x00, 0x00, 0x00, 0x00, 0x00, 0x00, 0x00, 0x00, 0x00, 0x00, 0x00, 0x00, 0x00, 0x00, 0x00, 0x00, 0x00, 0x00, 0x00, 0x00, 0x00, 0x00, 0x00, 0x00, 0x00, 0x00, 0x00, 0x00, 0x00, 0x00, 0x00, 0x00, 0x00, 0x00, 0x00, 0x00, 0x00, 0x00, 0x00, 0x00, 0x00, 0x00, 0x00, 0x00, 0x00, 0x00, 0x00, 0x00, 0x00, 0x00, 0x00, 0x00, 0x00, 0x00, 0x00, 0x00, 0x00, 0x00, 0x00, 0x00, 0x00,
  0x00, 0x00, 0x00, 0x00, 0x00, 0x00, 0x00, 0x00, 0x00, 0x00, 0x00, 0x00, 0x00, 0x00, 0x00, 0x00, 0x00, 0x00, 0x00, 0x00, 0xff, 0xff, 0xd3, 0x9c, 0x8e, 0x73, 0x0c, 0x63, 0x49, 0x4a, 0x49, 0x4a, 0xc7, 0x39, 0xa7, 0x39, 0x49, 0x4a, 0x49, 0x4a, 0xcb, 0x5a, 0x4d, 0x6b, 0x31, 0x8c, 0xff, 0xff, 0x00, 0x00, 0x00, 0x00, 0x00, 0x00, 0x00, 0x00, 0x00, 0x00, 0x00, 0x00, 0x00, 0x00, 0x00, 0x00, 0x00, 0x00, 0x00, 0x00,
  0x00, 0x00, 0x00, 0x00, 0x00, 0x00, 0x00, 0x00, 0x00, 0x00, 0x00, 0x00, 0x00, 0x00, 0x00, 0x00, 0x92, 0x94, 0xaa, 0x52, 0x08, 0x42, 0x66, 0x31, 0x45, 0x29, 0x04, 0x21, 0xe4, 0x20, 0xc3, 0x18, 0xe3, 0x18, 0xe3, 0x18, 0xc3, 0x18, 0xe3, 0x18, 0x04, 0x21, 0x25, 0x29, 0x65, 0x29, 0xe7, 0x39, 0x8a, 0x52, 0x31, 0x8c, 0x00, 0x00, 0x00, 0x00, 0x00, 0x00, 0x00, 0x00, 0x00, 0x00, 0x00, 0x00, 0x00, 0x00, 0x00, 0x00,
  0x00, 0x00, 0x00, 0x00, 0x00, 0x00, 0x00, 0x00, 0x00, 0x00, 0x00, 0x00, 0x8e, 0x73, 0x08, 0x42, 0x66, 0x31, 0x04, 0x21, 0xc3, 0x18, 0xc3, 0x18, 0xc3, 0x18, 0xc3, 0x18, 0xc3, 0x18, 0xe3, 0x18, 0xe4, 0x20, 0xe4, 0x20, 0xe3, 0x18, 0xc3, 0x18, 0xc3, 0x18, 0xc3, 0x18, 0xc3, 0x18, 0xc3, 0x18, 0xe4, 0x20, 0x65, 0x29, 0x08, 0x42, 0x4d, 0x6b, 0xff, 0xff, 0x00, 0x00, 0x00, 0x00, 0x00, 0x00, 0x00, 0x00, 0x00, 0x00,
  0x00, 0x00, 0x00, 0x00, 0x00, 0x00, 0x00, 0x00, 0x31, 0x8c, 0x49, 0x4a, 0x45, 0x29, 0xe3, 0x18, 0xc3, 0x18, 0xc3, 0x18, 0xe3, 0x18, 0x24, 0x21, 0x66, 0x31, 0xc7, 0x39, 0x08, 0x42, 0x8a, 0x52, 0x49, 0x4a, 0x28, 0x42, 0x6a, 0x52, 0x08, 0x42, 0x86, 0x31, 0x86, 0x31, 0x25, 0x29, 0xe3, 0x18, 0xc3, 0x18, 0xc3, 0x18, 0xc3, 0x18, 0x45, 0x29, 0x08, 0x42, 0xaf, 0x7b, 0x00, 0x00, 0x00, 0x00, 0x00, 0x00, 0x00, 0x00,
  0x00, 0x00, 0x00, 0x00, 0xff, 0xff, 0xcb, 0x5a, 0x66, 0x31, 0xe3, 0x18, 0xe3, 0x18, 0xc3, 0x18, 0xe4, 0x20, 0x66, 0x31, 0x28, 0x42, 0x0c, 0x63, 0xb3, 0x9c, 0xff, 0xff, 0x00, 0x00, 0x00, 0x00, 0x00, 0x00, 0x00, 0x00, 0x00, 0x00, 0x00, 0x00, 0xff, 0xff, 0x14, 0xa5, 0x4d, 0x6b, 0x29, 0x4a, 0x86, 0x31, 0x04, 0x21, 0xc3, 0x18, 0xe3, 0x18, 0xc3, 0x18, 0x45, 0x29, 0x8a, 0x52, 0xff, 0xff, 0x00, 0x00, 0x00, 0x00,
  0x00, 0x00, 0x96, 0xb5, 0x28, 0x42, 0x24, 0x21, 0xc3, 0x18, 0xc3, 0x18, 0xe4, 0x20, 0x86, 0x31, 0xaa, 0x52, 0x72, 0x94, 0x00, 0x00, 0x00, 0x00, 0x00, 0x00, 0x00, 0x00, 0x00, 0x00, 0x00, 0x00, 0x00, 0x00, 0x00, 0x00, 0x00, 0x00, 0x00, 0x00, 0x00, 0x00, 0x00, 0x00, 0x00, 0x00, 0x00, 0x00, 0x75, 0xad, 0xeb, 0x5a, 0xa6, 0x31, 0x04, 0x21, 0xc3, 0x18, 0xc3, 0x18, 0x04, 0x21, 0x08, 0x42, 0xb3, 0x9c, 0x00, 0x00,
  0xcf, 0x7b, 0xc7, 0x39, 0xe4, 0x20, 0xe3, 0x18, 0xc3, 0x18, 0x45, 0x29, 0x69, 0x4a, 0xf3, 0x9c, 0x00, 0x00, 0x00, 0x00, 0x00, 0x00, 0x00, 0x00, 0x00, 0x00, 0x1c, 0xe7, 0x9e, 0xf7, 0x9e, 0xf7, 0xdf, 0xff, 0xdf, 0xff, 0x9e, 0xf7, 0x9e, 0xf7, 0x3d, 0xef, 0x00, 0x00, 0x00, 0x00, 0x00, 0x00, 0x00, 0x00, 0x00, 0x00, 0x18, 0xc6, 0x8a, 0x52, 0x45, 0x29, 0xe3, 0x18, 0xe3, 0x18, 0xe3, 0x18, 0xa7, 0x39, 0x51, 0x8c,
  0xab, 0x5a, 0xe3, 0x18, 0xe3, 0x18, 0xe3, 0x18, 0x86, 0x31, 0x4d, 0x6b, 0x00, 0x00, 0x00, 0x00, 0x00, 0x00, 0x00, 0x00, 0x7d, 0xef, 0xbf, 0xff, 0xdf, 0xff, 0xff, 0xff, 0xff, 0xff, 0xff, 0xff, 0xff, 0xff, 0xff, 0xff, 0xff, 0xff, 0xff, 0xff, 0xff, 0xff, 0xff, 0xff, 0xbf, 0xff, 0x9e, 0xf7, 0x00, 0x00, 0x00, 0x00, 0x00, 0x00, 0x00, 0x00, 0xae, 0x73, 0xa7, 0x39, 0xe3, 0x18, 0xe3, 0x18, 0xc3, 0x18, 0x49, 0x4a,
  0xeb, 0x5a, 0xe4, 0x20, 0xe4, 0x20, 0xa7, 0x39, 0xef, 0x7b, 0x00, 0x00, 0x00, 0x00, 0x00, 0x00, 0x5d, 0xef, 0xdf, 0xff, 0xff, 0xff, 0xff, 0xff, 0xff, 0xff, 0xff, 0xff, 0xff, 0xff, 0xff, 0xff, 0xff, 0xff, 0xff, 0xff, 0xff, 0xff, 0xff, 0xff, 0xff, 0xff, 0xff, 0xff, 0xff, 0xff, 0xff, 0xff, 0xdf, 0xff, 0xbe, 0xf7, 0x00, 0x00, 0x00, 0x00, 0x00, 0x00, 0x35, 0xad, 0xe8, 0x41, 0x04, 0x21, 0xe3, 0x18, 0x49, 0x4a,
  0xd3, 0x9c, 0x6a, 0x52, 0x69, 0x4a, 0x55, 0xad, 0x00, 0x00, 0x00, 0x00, 0x00, 0x00, 0xdf, 0xff, 0xff, 0xff, 0xff, 0xff, 0xff, 0xff, 0xff, 0xff, 0xff, 0xff, 0xff, 0xff, 0xff, 0xff, 0xff, 0xff, 0xff, 0xff, 0xff, 0xff, 0xff, 0xff, 0xff, 0xff, 0xff, 0xff, 0xff, 0xff, 0xff, 0xff, 0xff, 0xff, 0xff, 0xff, 0xff, 0xff, 0xdf, 0xff, 0xb6, 0xb5, 0x00, 0x00, 0x00, 0x00, 0xff, 0xff, 0x69, 0x4a, 0x49, 0x4a, 0xd3, 0x9c,
  0x00, 0x00, 0x00, 0x00, 0x00, 0x00, 0x00, 0x00, 0x00, 0x00, 0xdb, 0xde, 0xdf, 0xff, 0xff, 0xff, 0xff, 0xff, 0xff, 0xff, 0xff, 0xff, 0xff, 0xff, 0xff, 0xff, 0xdf, 0xff, 0x9e, 0xf7, 0x5d, 0xef, 0x3d, 0xef, 0x3d, 0xef, 0x9e, 0xf7, 0xbe, 0xf7, 0xbf, 0xff, 0xdf, 0xff, 0xff, 0xff, 0xff, 0xff, 0xff, 0xff, 0xff, 0xff, 0xff, 0xff, 0xff, 0xff, 0x7d, 0xef, 0x00, 0x00, 0x00, 0x00, 0x00, 0x00, 0x00, 0x00, 0x00, 0x00,
  0x00, 0x00, 0x00, 0x00, 0x00, 0x00, 0x00, 0x00, 0x7d, 0xef, 0xff, 0xff, 0xff, 0xff, 0xff, 0xff, 0xff, 0xff, 0xff, 0xff, 0xff, 0xff, 0x9e, 0xf7, 0x00, 0x00, 0x00, 0x00, 0x00, 0x00, 0x00, 0x00, 0x00, 0x00, 0x00, 0x00, 0x00, 0x00, 0x00, 0x00, 0x00, 0x00, 0x00, 0x00, 0x9e, 0xf7, 0xdf, 0xff, 0xff, 0xff, 0xff, 0xff, 0xff, 0xff, 0xff, 0xff, 0xff, 0xff, 0x7e, 0xf7, 0x00, 0x00, 0x00, 0x00, 0x00, 0x00, 0x00, 0x00,
  0x00, 0x00, 0x00, 0x00, 0x00, 0x00, 0x00, 0x00, 0xbf, 0xff, 0xff, 0xff, 0xff, 0xff, 0xff, 0xff, 0xff, 0xff, 0xbf, 0xff, 0x00, 0x00, 0x00, 0x00, 0x00, 0x00, 0x00, 0x00, 0x00, 0x00, 0x08, 0x42, 0xdb, 0xde, 0xdb, 0xde, 0x75, 0xad, 0x00, 0x00, 0x00, 0x00, 0x00, 0x00, 0x00, 0x00, 0x00, 0x00, 0xbe, 0xf7, 0xff, 0xff, 0xff, 0xff, 0xff, 0xff, 0xff, 0xff, 0xbf, 0xff, 0x00, 0x00, 0x00, 0x00, 0x00, 0x00, 0x00, 0x00,
  0x00, 0x00, 0x00, 0x00, 0x00, 0x00, 0x00, 0x00, 0x7e, 0xf7, 0xff, 0xff, 0xff, 0xff, 0xff, 0xff, 0x5d, 0xef, 0x00, 0x00, 0x00, 0x00, 0x00, 0x00, 0xdb, 0xde, 0xbf, 0xff, 0xdf, 0xff, 0xff, 0xff, 0xff, 0xff, 0xff, 0xff, 0xff, 0xff, 0xdf, 0xff, 0xbf, 0xff, 0x3d, 0xef, 0x00, 0x00, 0x00, 0x00, 0x00, 0x00, 0x3d, 0xef, 0xdf, 0xff, 0xff, 0xff, 0xff, 0xff, 0xbe, 0xf7, 0x00, 0x00, 0x00, 0x00, 0x00, 0x00, 0x00, 0x00,
  0x00, 0x00, 0x00, 0x00, 0x00, 0x00, 0x00, 0x00, 0x00, 0x00, 0x9e, 0xf7, 0xbe, 0xf7, 0x1c, 0xe7, 0x00, 0x00, 0x00, 0x00, 0x00, 0x00, 0xbf, 0xff, 0xff, 0xff, 0xff, 0xff, 0xff, 0xff, 0xff, 0xff, 0xff, 0xff, 0xff, 0xff, 0xff, 0xff, 0xff, 0xff, 0xff, 0xff, 0xff, 0xff, 0xbf, 0xff, 0x18, 0xc6, 0x00, 0x00, 0x00, 0x00, 0x9a, 0xd6, 0xbe, 0xf7, 0x7e, 0xf7, 0x00, 0x00, 0x00, 0x00, 0x00, 0x00, 0x00, 0x00, 0x00, 0x00,
  0x00, 0x00, 0x00, 0x00, 0x00, 0x00, 0x00, 0x00, 0x00, 0x00, 0x00, 0x00, 0x00, 0x00, 0x00, 0x00, 0x00, 0x00, 0xdb, 0xde, 0xff, 0xff, 0xff, 0xff, 0xff, 0xff, 0xff, 0xff, 0xff, 0xff, 0xff, 0xff, 0xff, 0xff, 0xff, 0xff, 0xff, 0xff, 0xff, 0xff, 0xff, 0xff, 0xff, 0xff, 0xff, 0xff, 0xff, 0xff, 0x5d, 0xef, 0x00, 0x00, 0x00, 0x00, 0x00, 0x00, 0x00, 0x00, 0x00, 0x00, 0x00, 0x00, 0x00, 0x00, 0x00, 0x00, 0x00, 0x00,
  0x00, 0x00, 0x00, 0x00, 0x00, 0x00, 0x00, 0x00, 0x00, 0x00, 0x00, 0x00, 0x00, 0x00, 0x00, 0x00, 0x1c, 0xe7, 0xdf, 0xff, 0xff, 0xff, 0xff, 0xff, 0xff, 0xff, 0xff, 0xff, 0xff, 0xff, 0xdf, 0xff, 0xbf, 0xff, 0xbf, 0xff, 0xbf, 0xff, 0xff, 0xff, 0xff, 0xff, 0xff, 0xff, 0xff, 0xff, 0xff, 0xff, 0xff, 0xff, 0x1c, 0xe7, 0x00, 0x00, 0x00, 0x00, 0x00, 0x00, 0x00, 0x00, 0x00, 0x00, 0x00, 0x00, 0x00, 0x00, 0x00, 0x00,
  0x00, 0x00, 0x00, 0x00, 0x00, 0x00, 0x00, 0x00, 0x00, 0x00, 0x00, 0x00, 0x00, 0x00, 0x00, 0x00, 0xbb, 0xde, 0xff, 0xff, 0xff, 0xff, 0xff, 0xff, 0xff, 0xff, 0xdf, 0xff, 0x39, 0xce, 0x00, 0x00, 0x00, 0x00, 0x00, 0x00, 0x00, 0x00, 0x75, 0xad, 0xbf, 0xff, 0xff, 0xff, 0xff, 0xff, 0xff, 0xff, 0xff, 0xff, 0x5d, 0xef, 0x00, 0x00, 0x00, 0x00, 0x00, 0x00, 0x00, 0x00, 0x00, 0x00, 0x00, 0x00, 0x00, 0x00, 0x00, 0x00,
  0x00, 0x00, 0x00, 0x00, 0x00, 0x00, 0x00, 0x00, 0x00, 0x00, 0x00, 0x00, 0x00, 0x00, 0x00, 0x00, 0x00, 0x00, 0xdf, 0xff, 0xff, 0xff, 0xff, 0xff, 0x7d, 0xef, 0x00, 0x00, 0x00, 0x00, 0x00, 0x00, 0x5d, 0xef, 0x3c, 0xe7, 0x00, 0x00, 0x00, 0x00, 0x00, 0x00, 0x5d, 0xef, 0xdf, 0xff, 0xff, 0xff, 0xdf, 0xff, 0x18, 0xc6, 0x00, 0x00, 0x00, 0x00, 0x00, 0x00, 0x00, 0x00, 0x00, 0x00, 0x00, 0x00, 0x00, 0x00, 0x00, 0x00,
  0x00, 0x00, 0x00, 0x00, 0x00, 0x00, 0x00, 0x00, 0x00, 0x00, 0x00, 0x00, 0x00, 0x00, 0x00, 0x00, 0x00, 0x00, 0x00, 0x00, 0x3d, 0xef, 0x9a, 0xd6, 0x00, 0x00, 0x00, 0x00, 0x7d, 0xef, 0xdf, 0xff, 0xff, 0xff, 0xff, 0xff, 0xff, 0xff, 0x7d, 0xef, 0x00, 0x00, 0x00, 0x00, 0xab, 0x5a, 0x3c, 0xe7, 0x00, 0x00, 0x00, 0x00, 0x00, 0x00, 0x00, 0x00, 0x00, 0x00, 0x00, 0x00, 0x00, 0x00, 0x00, 0x00, 0x00, 0x00, 0x00, 0x00,
  0x00, 0x00, 0x00, 0x00, 0x00, 0x00, 0x00, 0x00, 0x00, 0x00, 0x00, 0x00, 0x00, 0x00, 0x00, 0x00, 0x00, 0x00, 0x00, 0x00, 0x00, 0x00, 0x00, 0x00, 0x00, 0x00, 0x5d, 0xef, 0xff, 0xff, 0xff, 0xff, 0xff, 0xff, 0xff, 0xff, 0xff, 0xff, 0xff, 0xff, 0x7d, 0xef, 0x00, 0x00, 0x00, 0x00, 0x00, 0x00, 0x00, 0x00, 0x00, 0x00, 0x00, 0x00, 0x00, 0x00, 0x00, 0x00, 0x00, 0x00, 0x00, 0x00, 0x00, 0x00, 0x00, 0x00, 0x00, 0x00,
  0x00, 0x00, 0x00, 0x00, 0x00, 0x00, 0x00, 0x00, 0x00, 0x00, 0x00, 0x00, 0x00, 0x00, 0x00, 0x00, 0x00, 0x00, 0x00, 0x00, 0x00, 0x00, 0x00, 0x00, 0x00, 0x00, 0xbf, 0xff, 0xff, 0xff, 0xff, 0xff, 0xff, 0xff, 0xff, 0xff, 0xff, 0xff, 0xff, 0xff, 0xdf, 0xff, 0x00, 0x00, 0x00, 0x00, 0x00, 0x00, 0x00, 0x00, 0x00, 0x00, 0x00, 0x00, 0x00, 0x00, 0x00, 0x00, 0x00, 0x00, 0x00, 0x00, 0x00, 0x00, 0x00, 0x00, 0x00, 0x00,
  0x00, 0x00, 0x00, 0x00, 0x00, 0x00, 0x00, 0x00, 0x00, 0x00, 0x00, 0x00, 0x00, 0x00, 0x00, 0x00, 0x00, 0x00, 0x00, 0x00, 0x00, 0x00, 0x00, 0x00, 0x00, 0x00, 0xdf, 0xff, 0xff, 0xff, 0xff, 0xff, 0xff, 0xff, 0xff, 0xff, 0xff, 0xff, 0xff, 0xff, 0xdf, 0xff, 0x00, 0x00, 0x00, 0x00, 0x00, 0x00, 0x00, 0x00, 0x00, 0x00, 0x00, 0x00, 0x00, 0x00, 0x00, 0x00, 0x00, 0x00, 0x00, 0x00, 0x00, 0x00, 0x00, 0x00, 0x00, 0x00,
  0x00, 0x00, 0x00, 0x00, 0x00, 0x00, 0x00, 0x00, 0x00, 0x00, 0x00, 0x00, 0x00, 0x00, 0x00, 0x00, 0x00, 0x00, 0x00, 0x00, 0x00, 0x00, 0x00, 0x00, 0x00, 0x00, 0xdf, 0xff, 0xff, 0xff, 0xff, 0xff, 0xff, 0xff, 0xff, 0xff, 0xff, 0xff, 0xff, 0xff, 0xdf, 0xff, 0x00, 0x00, 0x00, 0x00, 0x00, 0x00, 0x00, 0x00, 0x00, 0x00, 0x00, 0x00, 0x00, 0x00, 0x00, 0x00, 0x00, 0x00, 0x00, 0x00, 0x00, 0x00, 0x00, 0x00, 0x00, 0x00,
  0x00, 0x00, 0x00, 0x00, 0x00, 0x00, 0x00, 0x00, 0x00, 0x00, 0x00, 0x00, 0x00, 0x00, 0x00, 0x00, 0x00, 0x00, 0x00, 0x00, 0x00, 0x00, 0x00, 0x00, 0x00, 0x00, 0x5d, 0xef, 0xff, 0xff, 0xff, 0xff, 0xff, 0xff, 0xff, 0xff, 0xff, 0xff, 0xff, 0xff, 0x9e, 0xf7, 0x00, 0x00, 0x00, 0x00, 0x00, 0x00, 0x00, 0x00, 0x00, 0x00, 0x00, 0x00, 0x00, 0x00, 0x00, 0x00, 0x00, 0x00, 0x00, 0x00, 0x00, 0x00, 0x00, 0x00, 0x00, 0x00,
  0x00, 0x00, 0x00, 0x00, 0x00, 0x00, 0x00, 0x00, 0x00, 0x00, 0x00, 0x00, 0x00, 0x00, 0x00, 0x00, 0x00, 0x00, 0x00, 0x00, 0x00, 0x00, 0x00, 0x00, 0x00, 0x00, 0x00, 0x00, 0xbe, 0xf7, 0xff, 0xff, 0xff, 0xff, 0xff, 0xff, 0xff, 0xff, 0xbe, 0xf7, 0x00, 0x00, 0x00, 0x00, 0x00, 0x00, 0x00, 0x00, 0x00, 0x00, 0x00, 0x00, 0x00, 0x00, 0x00, 0x00, 0x00, 0x00, 0x00, 0x00, 0x00, 0x00, 0x00, 0x00, 0x00, 0x00, 0x00, 0x00,
  0x00, 0x00, 0x00, 0x00, 0x00, 0x00, 0x00, 0x00, 0x00, 0x00, 0x00, 0x00, 0x00, 0x00, 0x00, 0x00, 0x00, 0x00, 0x00, 0x00, 0x00, 0x00, 0x00, 0x00, 0x00, 0x00, 0x00, 0x00, 0x00, 0x00, 0x59, 0xce, 0x9e, 0xf7, 0x9e, 0xf7, 0xdb, 0xde, 0x00, 0x00, 0x00, 0x00, 0x00, 0x00, 0x00, 0x00, 0x00, 0x00, 0x00, 0x00, 0x00, 0x00, 0x00, 0x00, 0x00, 0x00, 0x00, 0x00, 0x00, 0x00, 0x00, 0x00, 0x00, 0x00, 0x00, 0x00, 0x00, 0x00,

  0x00, 0x00, 0x00, 0x00, 0x00, 0x00, 0x00, 0x00, 0x00, 0x00, 0x00, 0x00, 0x00, 0x00, 0x00, 0x00, 0x00, 0x00, 0x00, 0x00, 0x00, 0x00, 0x00, 0x00, 0x00, 0x00, 0x00, 0x00, 0x00, 0x00, 0x00, 0x00, 0x00, 0x00,
  0x00, 0x00, 0x00, 0x00, 0x00, 0x00, 0x00, 0x00, 0x00, 0x00, 0x00, 0x00, 0x00, 0x00, 0x00, 0x00, 0x00, 0x00, 0x00, 0x00, 0x00, 0x00, 0x00, 0x00, 0x00, 0x00, 0x00, 0x00, 0x00, 0x00, 0x00, 0x00, 0x00, 0x00,
  0x00, 0x00, 0x00, 0x00, 0x00, 0x00, 0x00, 0x00, 0x00, 0x00, 0x03, 0x2f, 0x61, 0x8d, 0xad, 0xc1, 0xcb, 0xcc, 0xc4, 0xb0, 0x92, 0x66, 0x34, 0x07, 0x00, 0x00, 0x00, 0x00, 0x00, 0x00, 0x00, 0x00, 0x00, 0x00,
  0x00, 0x00, 0x00, 0x00, 0x00, 0x00, 0x00, 0x00, 0x3b, 0x92, 0xd9, 0xff, 0xff, 0xff, 0xff, 0xff, 0xff, 0xff, 0xff, 0xff, 0xff, 0xff, 0xff, 0xdf, 0x9c, 0x45, 0x00, 0x00, 0x00, 0x00, 0x00, 0x00, 0x00, 0x00,
  0x00, 0x00, 0x00, 0x00, 0x00, 0x00, 0x54, 0xc4, 0xff, 0xff, 0xff, 0xff, 0xff, 0xff, 0xff, 0xff, 0xff, 0xff, 0xff, 0xff, 0xff, 0xff, 0xff, 0xff, 0xff, 0xff, 0xcf, 0x63, 0x03, 0x00, 0x00, 0x00, 0x00, 0x00,
  0x00, 0x00, 0x00, 0x00, 0x3a, 0xc1, 0xff, 0xff, 0xff, 0xff, 0xff, 0xff, 0xff, 0xeb, 0xce, 0xb8, 0xab, 0xa9, 0xb4, 0xca, 0xe7, 0xff, 0xff, 0xff, 0xff, 0xff, 0xff, 0xff, 0xd0, 0x4b, 0x00, 0x00, 0x00, 0x00,
  0x00, 0x00, 0x01, 0x86, 0xff, 0xff, 0xff, 0xff, 0xff, 0xff, 0xc2, 0x75, 0x37, 0x10, 0x00, 0x00, 0x00, 0x00, 0x00, 0x00, 0x0c, 0x31, 0x6d, 0xb9, 0xfa, 0xff, 0xff, 0xff, 0xff, 0xff, 0x9a, 0x0b, 0x00, 0x00,
  0x00, 0x16, 0xbd, 0xff, 0xff, 0xff, 0xff, 0xf8, 0x98, 0x31, 0x00, 0x00, 0x00, 0x00, 0x00, 0x00, 0x00, 0x00, 0x00, 0x00, 0x00, 0x00, 0x00, 0x00, 0x27, 0x8a, 0xef, 0xff, 0xff, 0xff, 0xff, 0xd0, 0x26, 0x00,
  0x1a, 0xd9, 0xff, 0xff, 0xff, 0xff, 0xad, 0x29, 0x00, 0x00, 0x00, 0x00, 0x00, 0x19, 0x3d, 0x5a, 0x69, 0x6a, 0x5d, 0x41, 0x1d, 0x00, 0x00, 0x00, 0x00, 0x00, 0x1d, 0x9a, 0xff, 0xff, 0xff, 0xff, 0xe9, 0x29,
  0xad, 0xff, 0xff, 0xff, 0xf2, 0x5f, 0x00, 0x00, 0x00, 0x00, 0x26, 0x7c, 0xc6, 0xf3, 0xff, 0xff, 0xff, 0xff, 0xff, 0xff, 0xf7, 0xcd, 0x86, 0x30, 0x00, 0x00, 0x00, 0x00, 0x4a, 0xe4, 0xff, 0xff, 0xff, 0xcb,
  0xa6, 0xff, 0xff, 0xdc, 0x2e, 0x00, 0x00, 0x00, 0x2c, 0xa4, 0xfa, 0xff, 0xff, 0xff, 0xff, 0xff, 0xff, 0xff, 0xff, 0xff, 0xff, 0xff, 0xff, 0xff, 0xb3, 0x39, 0x00, 0x00, 0x00, 0x1c, 0xc8, 0xff, 0xff, 0xc3,
  0x16, 0xad, 0xaa, 0x1a, 0x00, 0x00, 0x00, 0x7f, 0xf9, 0xff, 0xff, 0xff, 0xff, 0xff, 0xff, 0xff, 0xf8, 0xf7, 0xff, 0xff, 0xff, 0xff, 0xff, 0xff, 0xff, 0xff, 0x93, 0x0a, 0x00, 0x00, 0x0b, 0x9a, 0xaf, 0x20,
  0x00, 0x00, 0x00, 0x00, 0x00, 0x14, 0xbc, 0xff, 0xff, 0xff, 0xff, 0xff, 0xd4, 0x8c, 0x52, 0x2f, 0x1d, 0x1d, 0x2c, 0x4c, 0x84, 0xcb, 0xff, 0xff, 0xff, 0xff, 0xff, 0xcf, 0x24, 0x00, 0x00, 0x00, 0x00, 0x00,
  0x00, 0x00, 0x00, 0x00, 0x19, 0xd5, 0xff, 0xff, 0xff, 0xff, 0xbd, 0x48, 0x01, 0x00, 0x00, 0x00, 0x00, 0x00, 0x00, 0x00, 0x00, 0x00, 0x3d, 0xaf, 0xff, 0xff, 0xff, 0xff, 0xe6, 0x28, 0x00, 0x00, 0x00, 0x00,
  0x00, 0x00, 0x00, 0x00, 0x6f, 0xff, 0xff, 0xff, 0xf2, 0x61, 0x00, 0x00, 0x00, 0x00, 0x00, 0x04, 0x13, 0x14, 0x06, 0x00, 0x00, 0x00, 0x00, 0x00, 0x50, 0xe5, 0xff, 0xff, 0xff, 0x8d, 0x00, 0x00, 0x00, 0x00,
  0x00, 0x00, 0x00, 0x00, 0x39, 0xfe, 0xff, 0xdd, 0x2d, 0x00, 0x00, 0x00, 0x14, 0x67, 0xb1, 0xdc, 0xef, 0xf0, 0xdf, 0xb8, 0x72, 0x1c, 0x00, 0x00, 0x00, 0x1d, 0xcb, 0xff, 0xff, 0x4c, 0x00, 0x00, 0x00, 0x00,
  0x00, 0x00, 0x00, 0x00, 0x00, 0x3b, 0x6d, 0x18, 0x00, 0x00, 0x00, 0x76, 0xe9, 0xff, 0xff, 0xff, 0xff, 0xff, 0xff, 0xff, 0xff, 0xf1, 0x86, 0x08, 0x00, 0x00, 0x0b, 0x67, 0x44, 0x00, 0x00, 0x00, 0x00, 0x00,
  0x00, 0x00, 0x00, 0x00, 0x00, 0x00, 0x00, 0x00, 0x00, 0x13, 0xbb, 0xff, 0xff, 0xff, 0xff, 0xff, 0xff, 0xff, 0xff, 0xff, 0xff, 0xff, 0xff, 0xcd, 0x21, 0x00, 0x00, 0x00, 0x00, 0x00, 0x00, 0x00, 0x00, 0x00,
  0x00, 0x00, 0x00, 0x00, 0x00, 0x00, 0x00, 0x00, 0x08, 0xc6, 0xff, 0xff, 0xff, 0xff, 0xe4, 0xa4, 0x7d, 0x7c, 0x9e, 0xdb, 0xff, 0xff, 0xff, 0xff, 0xdd, 0x11, 0x00, 0x00, 0x00, 0x00, 0x00, 0x00, 0x00, 0x00,
  0x00, 0x00, 0x00, 0x00, 0x00, 0x00, 0x00, 0x00, 0x18, 0xff, 0xff, 0xff, 0xf3, 0x6e, 0x0d, 0x00, 0x00, 0x00, 0x00, 0x06, 0x5e, 0xe6, 0xff, 0xff, 0xff, 0x2c, 0x00, 0x00, 0x00, 0x00, 0x00, 0x00, 0x00, 0x00,
  0x00, 0x00, 0x00, 0x00, 0x00, 0x00, 0x00, 0x00, 0x00, 0x8f, 0xfe, 0xda, 0x30, 0x00, 0x00, 0x00, 0x17, 0x1a, 0x00, 0x00, 0x00, 0x1e, 0xc8, 0xfc, 0xa2, 0x04, 0x00, 0x00, 0x00, 0x00, 0x00, 0x00, 0x00, 0x00,
  0x00, 0x00, 0x00, 0x00, 0x00, 0x00, 0x00, 0x00, 0x00, 0x00, 0x26, 0x0b, 0x00, 0x00, 0x24, 0xb5, 0xf2, 0xf5, 0xbe, 0x32, 0x00, 0x00, 0x03, 0x23, 0x00, 0x00, 0x00, 0x00, 0x00, 0x00, 0x00, 0x00, 0x00, 0x00,
  0x00, 0x00, 0x00, 0x00, 0x00, 0x00, 0x00, 0x00, 0x00, 0x00, 0x00, 0x00, 0x00, 0x14, 0xe1, 0xff, 0xff, 0xff, 0xff, 0xf1, 0x24, 0x00, 0x00, 0x00, 0x00, 0x00, 0x00, 0x00, 0x00, 0x00, 0x00, 0x00, 0x00, 0x00,
  0x00, 0x00, 0x00, 0x00, 0x00, 0x00, 0x00, 0x00, 0x00, 0x00, 0x00, 0x00, 0x00, 0x7d, 0xff, 0xff, 0xff, 0xff, 0xff, 0xff, 0x9a, 0x00, 0x00, 0x00, 0x00, 0x00, 0x00, 0x00, 0x00, 0x00, 0x00, 0x00, 0x00, 0x00,
  0x00, 0x00, 0x00, 0x00, 0x00, 0x00, 0x00, 0x00, 0x00, 0x00, 0x00, 0x00, 0x00, 0xaf, 0xff, 0xff, 0xff, 0xff, 0xff, 0xff, 0xc7, 0x00, 0x00, 0x00, 0x00, 0x00, 0x00, 0x00, 0x00, 0x00, 0x00, 0x00, 0x00, 0x00,
  0x00, 0x00, 0x00, 0x00, 0x00, 0x00, 0x00, 0x00, 0x00, 0x00, 0x00, 0x00, 0x00, 0x94, 0xff, 0xff, 0xff, 0xff, 0xff, 0xff, 0xaf, 0x00, 0x00, 0x00, 0x00, 0x00, 0x00, 0x00, 0x00, 0x00, 0x00, 0x00, 0x00, 0x00,
  0x00, 0x00, 0x00, 0x00, 0x00, 0x00, 0x00, 0x00, 0x00, 0x00, 0x00, 0x00, 0x00, 0x2f, 0xff, 0xff, 0xff, 0xff, 0xff, 0xff, 0x43, 0x00, 0x00, 0x00, 0x00, 0x00, 0x00, 0x00, 0x00, 0x00, 0x00, 0x00, 0x00, 0x00,
  0x00, 0x00, 0x00, 0x00, 0x00, 0x00, 0x00, 0x00, 0x00, 0x00, 0x00, 0x00, 0x00, 0x00, 0x56, 0xea, 0xff, 0xff, 0xf2, 0x6a, 0x00, 0x00, 0x00, 0x00, 0x00, 0x00, 0x00, 0x00, 0x00, 0x00, 0x00, 0x00, 0x00, 0x00,
  0x00, 0x00, 0x00, 0x00, 0x00, 0x00, 0x00, 0x00, 0x00, 0x00, 0x00, 0x00, 0x00, 0x00, 0x00, 0x0e, 0x3f, 0x42, 0x14, 0x00, 0x00, 0x00, 0x00, 0x00, 0x00, 0x00, 0x00, 0x00, 0x00, 0x00, 0x00, 0x00, 0x00, 0x00,
};

const lv_image_dsc_t ui_img_wifisym_3_png = {
    .header.w = 34,
    .header.h = 29,
    .data_size = sizeof(ui_img_wifisym_3_png_data),
    .header.cf = LV_COLOR_FORMAT_NATIVE_WITH_ALPHA,
    .header.magic = LV_IMAGE_HEADER_MAGIC,
    .data = ui_img_wifisym_3_png_data
};

const LV_ATTRIBUTE_MEM_ALIGN uint8_t ui_img_wifisym_4_png_data[]  = {
  0x00, 0x00, 0x00, 0x00, 0x00, 0x00, 0x00, 0x00, 0x00, 0x00, 0x00, 0x00, 0x00, 0x00, 0x00, 0x00, 0x00, 0x00, 0x00, 0x00, 0x00, 0x00, 0x00, 0x00, 0x00, 0x00, 0x00, 0x00, 0x00, 0x00, 0x00, 0x00, 0x00, 0x00, 0x00, 0x00, 0x00, 0x00, 0x00, 0x00, 0x00, 0x00, 0x00, 0x00, 0x00, 0x00, 0x00, 0x00, 0x00, 0x00, 0x00, 0x00, 0x00, 0x00, 0x00, 0x00, 0x00, 0x00, 0x00, 0x00, 0x00, 0x00, 0x00, 0x00, 0x00, 0x00, 0x00, 0x00,
  0x00, 0x00, 0x00, 0x00, 0x00, 0x00, 0x00, 0x00, 0x00, 0x00, 0x00, 0x00, 0x00, 0x00, 0x00, 0x00, 0x00, 0x00, 0x00, 0x00, 0x00, 0x00, 0x00, 0x00, 0x00, 0x00, 0x00, 0x00, 0x00, 0x00, 0x00, 0x00, 0x00, 0x00, 0x00, 0x00, 0x00, 0x00, 0x00, 0x00, 0x00, 0x00, 0x00, 0x00, 0x00, 0x00, 0x00, 0x00, 0x00, 0x00, 0x00, 0x00, 0x00, 0x00, 0x00, 0x00, 0x00, 0x00, 0x00, 0x00, 0x00, 0x00, 0x00, 0x00, 0x00, 0x00, 0x00, 0x00,
  0x00, 0x00, 0x00, 0x00, 0x00, 0x00, 0x00, 0x00, 0x00, 0x00, 0x00, 0x00, 0x00, 0x00, 0x00, 0x00, 0x00, 0x00, 0x00, 0x00, 0xab, 0x5a, 0x5d, 0xef, 0xbe, 0xf7, 0xbf, 0xff, 0xdf, 0xff, 0xff, 0xff, 0xdf, 0xff, 0xff, 0xff, 0xdf, 0xff, 0xdf, 0xff, 0xdf, 0xff, 0xbf, 0xff, 0x9e, 0xf7, 0xd7, 0xbd, 0x00, 0x00, 0x00, 0x00, 0x00, 0x00, 0x00, 0x00, 0x00, 0x00, 0x00, 0x00, 0x00, 0x00, 0x00, 0x00, 0x00, 0x00, 0x00, 0x00,
  0x00, 0x00, 0x00, 0x00, 0x00, 0x00, 0x00, 0x00, 0x00, 0x00, 0x00, 0x00, 0x00, 0x00, 0x00, 0x00, 0x9e, 0xf7, 0xdf, 0xff, 0xff, 0xff, 0xff, 0xff, 0xff, 0xff, 0xff, 0xff, 0xff, 0xff, 0xff, 0xff, 0xff, 0xff, 0xff, 0xff, 0xff, 0xff, 0xff, 0xff, 0xff, 0xff, 0xff, 0xff, 0xff, 0xff, 0xff, 0xff, 0xbf, 0xff, 0x9e, 0xf7, 0x00, 0x00, 0x00, 0x00, 0x00, 0x00, 0x00, 0x00, 0x00, 0x00, 0x00, 0x00, 0x00, 0x00, 0x00, 0x00,
  0x00, 0x00, 0x00, 0x00, 0x00, 0x00, 0x00, 0x00, 0x00, 0x00, 0x00, 0x00, 0xbe, 0xf7, 0xdf, 0xff, 0xff, 0xff, 0xff, 0xff, 0xff, 0xff, 0xff, 0xff, 0xff, 0xff, 0xff, 0xff, 0xff, 0xff, 0xff, 0xff, 0xff, 0xff, 0xff, 0xff, 0xff, 0xff, 0xff, 0xff, 0xff, 0xff, 0xff, 0xff, 0xff, 0xff, 0xff, 0xff, 0xff, 0xff, 0xff, 0xff, 0xff, 0xff, 0xbf, 0xff, 0xab, 0x5a, 0x00, 0x00, 0x00, 0x00, 0x00, 0x00, 0x00, 0x00, 0x00, 0x00,
  0x00, 0x00, 0x00, 0x00, 0x00, 0x00, 0x00, 0x00, 0xbe, 0xf7, 0xdf, 0xff, 0xff, 0xff, 0xff, 0xff, 0xff, 0xff, 0xff, 0xff, 0xff, 0xff, 0xff, 0xff, 0xff, 0xff, 0xff, 0xff, 0xff, 0xff, 0xdf, 0xff, 0xdf, 0xff, 0xdf, 0xff, 0xdf, 0xff, 0xff, 0xff, 0xff, 0xff, 0xff, 0xff, 0xff, 0xff, 0xff, 0xff, 0xff, 0xff, 0xff, 0xff, 0xff, 0xff, 0xff, 0xff, 0xff, 0xff, 0x9e, 0xf7, 0x00, 0x00, 0x00, 0x00, 0x00, 0x00, 0x00, 0x00,
  0x00, 0x00, 0x00, 0x00, 0x00, 0x00, 0xbf, 0xff, 0xff, 0xff, 0xff, 0xff, 0xff, 0xff, 0xff, 0xff, 0xff, 0xff, 0xff, 0xff, 0xdf, 0xff, 0xdf, 0xff, 0x7e, 0xf7, 0x9a, 0xd6, 0x00, 0x00, 0x00, 0x00, 0x00, 0x00, 0x00, 0x00, 0x00, 0x00, 0x00, 0x00, 0xbb, 0xde, 0x9e, 0xf7, 0xdf, 0xff, 0xdf, 0xff, 0xff, 0xff, 0xff, 0xff, 0xff, 0xff, 0xff, 0xff, 0xff, 0xff, 0xff, 0xff, 0xdf, 0xff, 0xd7, 0xbd, 0x00, 0x00, 0x00, 0x00,
  0x00, 0x00, 0x5d, 0xef, 0xff, 0xff, 0xff, 0xff, 0xff, 0xff, 0xff, 0xff, 0xff, 0xff, 0xff, 0xff, 0xdf, 0xff, 0x7d, 0xef, 0x00, 0x00, 0x00, 0x00, 0x00, 0x00, 0x00, 0x00, 0x00, 0x00, 0x00, 0x00, 0x00, 0x00, 0x00, 0x00, 0x00, 0x00, 0x00, 0x00, 0x00, 0x00, 0x00, 0x00, 0x00, 0x00, 0x00, 0x00, 0x7d, 0xef, 0xdf, 0xff, 0xff, 0xff, 0xff, 0xff, 0xff, 0xff, 0xff, 0xff, 0xff, 0xff, 0xff, 0xff, 0x3d, 0xef, 0x00, 0x00,
  0x7d, 0xef, 0xff, 0xff, 0xff, 0xff, 0xff, 0xff, 0xff, 0xff, 0xff, 0xff, 0xdf, 0xff, 0x7e, 0xf7, 0x00, 0x00, 0x00, 0x00, 0x00, 0x00, 0x00, 0x00, 0x00, 0x00, 0x1c, 0xe7, 0x9e, 0xf7, 0x9e, 0xf7, 0xdf, 0xff, 0xdf, 0xff, 0x9e, 0xf7, 0x9e, 0xf7, 0x3d, 0xef, 0x00, 0x00, 0x00, 0x00, 0x00, 0x00, 0x00, 0x00, 0x00, 0x00, 0x3d, 0xef, 0xdf, 0xff, 0xff, 0xff, 0xff, 0xff, 0xff, 0xff, 0xff, 0xff, 0xff, 0xff, 0x7e, 0xf7,
  0xdf, 0xff, 0xff, 0xff, 0xff, 0xff, 0xff, 0xff, 0xff, 0xff, 0xbe, 0xf7, 0x00, 0x00, 0x00, 0x00, 0x00, 0x00, 0x00, 0x00, 0x7d, 0xef, 0xbf, 0xff, 0xdf, 0xff, 0xff, 0xff, 0xff, 0xff, 0xff, 0xff, 0xff, 0xff, 0xff, 0xff, 0xff, 0xff, 0xff, 0xff, 0xff, 0xff, 0xff, 0xff, 0xbf, 0xff, 0x9e, 0xf7, 0x00, 0x00, 0x00, 0x00, 0x00, 0x00, 0x00, 0x00, 0x9e, 0xf7, 0xff, 0xff, 0xff, 0xff, 0xff, 0xff, 0xff, 0xff, 0xff, 0xff,
  0xbf, 0xff, 0xff, 0xff, 0xff, 0xff, 0xff, 0xff, 0x5d, 0xef, 0x00, 0x00, 0x00, 0x00, 0x00, 0x00, 0x5d, 0xef, 0xdf, 0xff, 0xff, 0xff, 0xff, 0xff, 0xff, 0xff, 0xff, 0xff, 0xff, 0xff, 0xff, 0xff, 0xff, 0xff, 0xff, 0xff, 0xff, 0xff, 0xff, 0xff, 0xff, 0xff, 0xff, 0xff, 0xff, 0xff, 0xff, 0xff, 0xdf, 0xff, 0xbe, 0xf7, 0x00, 0x00, 0x00, 0x00, 0x00, 0x00, 0x3d, 0xef, 0xdf, 0xff, 0xff, 0xff, 0xff, 0xff, 0xdf, 0xff,
  0xfc, 0xe6, 0xdf, 0xff, 0xdf, 0xff, 0x3c, 0xe7, 0x00, 0x00, 0x00, 0x00, 0x00, 0x00, 0xdf, 0xff, 0xff, 0xff, 0xff, 0xff, 0xff, 0xff, 0xff, 0xff, 0xff, 0xff, 0xff, 0xff, 0xff, 0xff, 0xff, 0xff, 0xff, 0xff, 0xff, 0xff, 0xff, 0xff, 0xff, 0xff, 0xff, 0xff, 0xff, 0xff, 0xff, 0xff, 0xff, 0xff, 0xff, 0xff, 0xff, 0xff, 0xdf, 0xff, 0xb6, 0xb5, 0x00, 0x00, 0x00, 0x00, 0x9a, 0xd6, 0xdf, 0xff, 0xdf, 0xff, 0x5d, 0xef,
  0x00, 0x00, 0x00, 0x00, 0x00, 0x00, 0x00, 0x00, 0x00, 0x00, 0xdb, 0xde, 0xdf, 0xff, 0xff, 0xff, 0xff, 0xff, 0xff, 0xff, 0xff, 0xff, 0xff, 0xff, 0xff, 0xff, 0xdf, 0xff, 0x9e, 0xf7, 0x5d, 0xef, 0x3d, 0xef, 0x3d, 0xef, 0x9e, 0xf7, 0xbe, 0xf7, 0xbf, 0xff, 0xdf, 0xff, 0xff, 0xff, 0xff, 0xff, 0xff, 0xff, 0xff, 0xff, 0xff, 0xff, 0xff, 0xff, 0x7d, 0xef, 0x00, 0x00, 0x00, 0x00, 0x00, 0x00, 0x00, 0x00, 0x00, 0x00,
  0x00, 0x00, 0x00, 0x00, 0x00, 0x00, 0x00, 0x00, 0x7d, 0xef, 0xff, 0xff, 0xff, 0xff, 0xff, 0xff, 0xff, 0xff, 0xff, 0xff, 0xff, 0xff, 0x9e, 0xf7, 0x00, 0x00, 0x00, 0x00, 0x00, 0x00, 0x00, 0x00, 0x00, 0x00, 0x00, 0x00, 0x00, 0x00, 0x00, 0x00, 0x00, 0x00, 0x00, 0x00, 0x9e, 0xf7, 0xdf, 0xff, 0xff, 0xff, 0xff, 0xff, 0xff, 0xff, 0xff, 0xff, 0xff, 0xff, 0x7e, 0xf7, 0x00, 0x00, 0x00, 0x00, 0x00, 0x00, 0x00, 0x00,
  0x00, 0x00, 0x00, 0x00, 0x00, 0x00, 0x00, 0x00, 0xbf, 0xff, 0xff, 0xff, 0xff, 0xff, 0xff, 0xff, 0xff, 0xff, 0xbf, 0xff, 0x00, 0x00, 0x00, 0x00, 0x00, 0x00, 0x00, 0x00, 0x00, 0x00, 0x08, 0x42, 0xdb, 0xde, 0xdb, 0xde, 0x75, 0xad, 0x00, 0x00, 0x00, 0x00, 0x00, 0x00, 0x00, 0x00, 0x00, 0x00, 0xbe, 0xf7, 0xff, 0xff, 0xff, 0xff, 0xff, 0xff, 0xff, 0xff, 0xbf, 0xff, 0x00, 0x00, 0x00, 0x00, 0x00, 0x00, 0x00, 0x00,
  0x00, 0x00, 0x00, 0x00, 0x00, 0x00, 0x00, 0x00, 0x7e, 0xf7, 0xff, 0xff, 0xff, 0xff, 0xff, 0xff, 0x5d, 0xef, 0x00, 0x00, 0x00, 0x00, 0x00, 0x00, 0xdb, 0xde, 0xbf, 0xff, 0xdf, 0xff, 0xff, 0xff, 0xff, 0xff, 0xff, 0xff, 0xff, 0xff, 0xdf, 0xff, 0xbf, 0xff, 0x3d, 0xef, 0x00, 0x00, 0x00, 0x00, 0x00, 0x00, 0x3d, 0xef, 0xdf, 0xff, 0xff, 0xff, 0xff, 0xff, 0xbe, 0xf7, 0x00, 0x00, 0x00, 0x00, 0x00, 0x00, 0x00, 0x00,
  0x00, 0x00, 0x00, 0x00, 0x00, 0x00, 0x00, 0x00, 0x00, 0x00, 0x9e, 0xf7, 0xbe, 0xf7, 0x1c, 0xe7, 0x00, 0x00, 0x00, 0x00, 0x00, 0x00, 0xbf, 0xff, 0xff, 0xff, 0xff, 0xff, 0xff, 0xff, 0xff, 0xff, 0xff, 0xff, 0xff, 0xff, 0xff, 0xff, 0xff, 0xff, 0xff, 0xff, 0xff, 0xff, 0xbf, 0xff, 0x18, 0xc6, 0x00, 0x00, 0x00, 0x00, 0x9a, 0xd6, 0xbe, 0xf7, 0x7e, 0xf7, 0x00, 0x00, 0x00, 0x00, 0x00, 0x00, 0x00, 0x00, 0x00, 0x00,
  0x00, 0x00, 0x00, 0x00, 0x00, 0x00, 0x00, 0x00, 0x00, 0x00, 0x00, 0x00, 0x00, 0x00, 0x00, 0x00, 0x00, 0x00, 0xdb, 0xde, 0xff, 0xff, 0xff, 0xff, 0xff, 0xff, 0xff, 0xff, 0xff, 0xff, 0xff, 0xff, 0xff, 0xff, 0xff, 0xff, 0xff, 0xff, 0xff, 0xff, 0xff, 0xff, 0xff, 0xff, 0xff, 0xff, 0xff, 0xff, 0x5d, 0xef, 0x00, 0x00, 0x00, 0x00, 0x00, 0x00, 0x00, 0x00, 0x00, 0x00, 0x00, 0x00, 0x00, 0x00, 0x00, 0x00, 0x00, 0x00,
  0x00, 0x00, 0x00, 0x00, 0x00, 0x00, 0x00, 0x00, 0x00, 0x00, 0x00, 0x00, 0x00, 0x00, 0x00, 0x00, 0x1c, 0xe7, 0xdf, 0xff, 0xff, 0xff, 0xff, 0xff, 0xff, 0xff, 0xff, 0xff, 0xff, 0xff, 0xdf, 0xff, 0xbf, 0xff, 0xbf, 0xff, 0xbf, 0xff, 0xff, 0xff, 0xff, 0xff, 0xff, 0xff, 0xff, 0xff, 0xff, 0xff, 0xff, 0xff, 0x1c, 0xe7, 0x00, 0x00, 0x00, 0x00, 0x00, 0x00, 0x00, 0x00, 0x00, 0x00, 0x00, 0x00, 0x00, 0x00, 0x00, 0x00,
  0x00, 0x00, 0x00, 0x00, 0x00, 0x00, 0x00, 0x00, 0x00, 0x00, 0x00, 0x00, 0x00, 0x00, 0x00, 0x00, 0xbb, 0xde, 0xff, 0xff, 0xff, 0xff, 0xff, 0xff, 0xff, 0xff, 0xdf, 0xff, 0x39, 0xce, 0x00, 0x00, 0x00, 0x00, 0x00, 0x00, 0x00, 0x00, 0x75, 0xad, 0xbf, 0xff, 0xff, 0xff, 0xff, 0xff, 0xff, 0xff, 0xff, 0xff, 0x5d, 0xef, 0x00, 0x00, 0x00, 0x00, 0x00, 0x00, 0x00, 0x00, 0x00, 0x00, 0x00, 0x00, 0x00, 0x00, 0x00, 0x00,
  0x00, 0x00, 0x00, 0x00, 0x00, 0x00, 0x00, 0x00, 0x00, 0x00, 0x00, 0x00, 0x00, 0x00, 0x00, 0x00, 0x00, 0x00, 0xdf, 0xff, 0xff, 0xff, 0xff, 0xff, 0x7d, 0xef, 0x00, 0x00, 0x00, 0x00, 0x00, 0x00, 0x5d, 0xef, 0x3c, 0xe7, 0x00, 0x00, 0x00, 0x00, 0x00, 0x00, 0x5d, 0xef, 0xdf, 0xff, 0xff, 0xff, 0xdf, 0xff, 0x18, 0xc6, 0x00, 0x00, 0x00, 0x00, 0x00, 0x00, 0x00, 0x00, 0x00, 0x00, 0x00, 0x00, 0x00, 0x00, 0x00, 0x00,
  0x00, 0x00, 0x00, 0x00, 0x00, 0x00, 0x00, 0x00, 0x00, 0x00, 0x00, 0x00, 0x00, 0x00, 0x00, 0x00, 0x00, 0x00, 0x00, 0x00, 0x3d, 0xef, 0x9a, 0xd6, 0x00, 0x00, 0x00, 0x00, 0x7d, 0xef, 0xdf, 0xff, 0xff, 0xff, 0xff, 0xff, 0xff, 0xff, 0x7d, 0xef, 0x00, 0x00, 0x00, 0x00, 0xab, 0x5a, 0x3c, 0xe7, 0x00, 0x00, 0x00, 0x00, 0x00, 0x00, 0x00, 0x00, 0x00, 0x00, 0x00, 0x00, 0x00, 0x00, 0x00, 0x00, 0x00, 0x00, 0x00, 0x00,
  0x00, 0x00, 0x00, 0x00, 0x00, 0x00, 0x00, 0x00, 0x00, 0x00, 0x00, 0x00, 0x00, 0x00, 0x00, 0x00, 0x00, 0x00, 0x00, 0x00, 0x00, 0x00, 0x00, 0x00, 0x00, 0x00, 0x5d, 0xef, 0xff, 0xff, 0xff, 0xff, 0xff, 0xff, 0xff, 0xff, 0xff, 0xff, 0xff, 0xff, 0x7d, 0xef, 0x00, 0x00, 0x00, 0x00, 0x00, 0x00, 0x00, 0x00, 0x00, 0x00, 0x00, 0x00, 0x00, 0x00, 0x00, 0x00, 0x00, 0x00, 0x00, 0x00, 0x00, 0x00, 0x00, 0x00, 0x00, 0x00,
  0x00, 0x00, 0x00, 0x00, 0x00, 0x00, 0x00, 0x00, 0x00, 0x00, 0x00, 0x00, 0x00, 0x00, 0x00, 0x00, 0x00, 0x00, 0x00, 0x00, 0x00, 0x00, 0x00, 0x00, 0x00, 0x00, 0xbf, 0xff, 0xff, 0xff, 0xff, 0xff, 0xff, 0xff, 0xff, 0xff, 0xff, 0xff, 0xff, 0xff, 0xdf, 0xff, 0x00, 0x00, 0x00, 0x00, 0x00, 0x00, 0x00, 0x00, 0x00, 0x00, 0x00, 0x00, 0x00, 0x00, 0x00, 0x00, 0x00, 0x00, 0x00, 0x00, 0x00, 0x00, 0x00, 0x00, 0x00, 0x00,
  0x00, 0x00, 0x00, 0x00, 0x00, 0x00, 0x00, 0x00, 0x00, 0x00, 0x00, 0x00, 0x00, 0x00, 0x00, 0x00, 0x00, 0x00, 0x00, 0x00, 0x00, 0x00, 0x00, 0x00, 0x00, 0x00, 0xdf, 0xff, 0xff, 0xff, 0xff, 0xff, 0xff, 0xff, 0xff, 0xff, 0xff, 0xff, 0xff, 0xff, 0xdf, 0xff, 0x00, 0x00, 0x00, 0x00, 0x00, 0x00, 0x00, 0x00, 0x00, 0x00, 0x00, 0x00, 0x00, 0x00, 0x00, 0x00, 0x00, 0x00, 0x00, 0x00, 0x00, 0x00, 0x00, 0x00, 0x00, 0x00,
  0x00, 0x00, 0x00, 0x00, 0x00, 0x00, 0x00, 0x00, 0x00, 0x00, 0x00, 0x00, 0x00, 0x00, 0x00, 0x00, 0x00, 0x00, 0x00, 0x00, 0x00, 0x00, 0x00, 0x00, 0x00, 0x00, 0xdf, 0xff, 0xff, 0xff, 0xff, 0xff, 0xff, 0xff, 0xff, 0xff, 0xff, 0xff, 0xff, 0xff, 0xdf, 0xff, 0x00, 0x00, 0x00, 0x00, 0x00, 0x00, 0x00, 0x00, 0x00, 0x00, 0x00, 0x00, 0x00, 0x00, 0x00, 0x00, 0x00, 0x00, 0x00, 0x00, 0x00, 0x00, 0x00, 0x00, 0x00, 0x00,
  0x00, 0x00, 0x00, 0x00, 0x00, 0x00, 0x00, 0x00, 0x00, 0x00, 0x00, 0x00, 0x00, 0x00, 0x00, 0x00, 0x00, 0x00, 0x00, 0x00, 0x00, 0x00, 0x00, 0x00, 0x00, 0x00, 0x5d, 0xef, 0xff, 0xff, 0xff, 0xff, 0xff, 0xff, 0xff, 0xff, 0xff, 0xff, 0xff, 0xff, 0x9e, 0xf7, 0x00, 0x00, 0x00, 0x00, 0x00, 0x00, 0x00, 0x00, 0x00, 0x00, 0x00, 0x00, 0x00, 0x00, 0x00, 0x00, 0x00, 0x00, 0x00, 0x00, 0x00, 0x00, 0x00, 0x00, 0x00, 0x00,
  0x00, 0x00, 0x00, 0x00, 0x00, 0x00, 0x00, 0x00, 0x00, 0x00, 0x00, 0x00, 0x00, 0x00, 0x00, 0x00, 0x00, 0x00, 0x00, 0x00, 0x00, 0x00, 0x00, 0x00, 0x00, 0x00, 0x00, 0x00, 0xbe, 0xf7, 0xff, 0xff, 0xff, 0xff, 0xff, 0xff, 0xff, 0xff, 0xbe, 0xf7, 0x00, 0x00, 0x00, 0x00, 0x00, 0x00, 0x00, 0x00, 0x00, 0x00, 0x00, 0x00, 0x00, 0x00, 0x00, 0x00, 0x00, 0x00, 0x00, 0x00, 0x00, 0x00, 0x00, 0x00, 0x00, 0x00, 0x00, 0x00,
  0x00, 0x00, 0x00, 0x00, 0x00, 0x00, 0x00, 0x00, 0x00, 0x00, 0x00, 0x00, 0x00, 0x00, 0x00, 0x00, 0x00, 0x00, 0x00, 0x00, 0x00, 0x00, 0x00, 0x00, 0x00, 0x00, 0x00, 0x00, 0x00, 0x00, 0x59, 0xce, 0x9e, 0xf7, 0x9e, 0xf7, 0xdb, 0xde, 0x00, 0x00, 0x00, 0x00, 0x00, 0x00, 0x00, 0x00, 0x00, 0x00, 0x00, 0x00, 0x00, 0x00, 0x00, 0x00, 0x00, 0x00, 0x00, 0x00, 0x00, 0x00, 0x00, 0x00, 0x00, 0x00, 0x00, 0x00, 0x00, 0x00,

  0x00, 0x00, 0x00, 0x00, 0x00, 0x00, 0x00, 0x00, 0x00, 0x00, 0x00, 0x00, 0x00, 0x00, 0x00, 0x00, 0x00, 0x00, 0x00, 0x00, 0x00, 0x00, 0x00, 0x00, 0x00, 0x00, 0x00, 0x00, 0x00, 0x00, 0x00, 0x00, 0x00, 0x00,
  0x00, 0x00, 0x00, 0x00, 0x00, 0x00, 0x00, 0x00, 0x00, 0x00, 0x00, 0x00, 0x00, 0x00, 0x00, 0x00, 0x00, 0x00, 0x00, 0x00, 0x00, 0x00, 0x00, 0x00, 0x00, 0x00, 0x00, 0x00, 0x00, 0x00, 0x00, 0x00, 0x00, 0x00,
  0x00, 0x00, 0x00, 0x00, 0x00, 0x00, 0x00, 0x00, 0x00, 0x00, 0x03, 0x2f, 0x61, 0x8d, 0xad, 0xc1, 0xcb, 0xcc, 0xc4, 0xb0, 0x92, 0x66, 0x34, 0x07, 0x00, 0x00, 0x00, 0x00, 0x00, 0x00, 0x00, 0x00, 0x00, 0x00,
  0x00, 0x00, 0x00, 0x00, 0x00, 0x00, 0x00, 0x00, 0x3b, 0x92, 0xd9, 0xff, 0xff, 0xff, 0xff, 0xff, 0xff, 0xff, 0xff, 0xff, 0xff, 0xff, 0xff, 0xdf, 0x9c, 0x45, 0x00, 0x00, 0x00, 0x00, 0x00, 0x00, 0x00, 0x00,
  0x00, 0x00, 0x00, 0x00, 0x00, 0x00, 0x54, 0xc4, 0xff, 0xff, 0xff, 0xff, 0xff, 0xff, 0xff, 0xff, 0xff, 0xff, 0xff, 0xff, 0xff, 0xff, 0xff, 0xff, 0xff, 0xff, 0xcf, 0x63, 0x03, 0x00, 0x00, 0x00, 0x00, 0x00,
  0x00, 0x00, 0x00, 0x00, 0x3a, 0xc1, 0xff, 0xff, 0xff, 0xff, 0xff, 0xff, 0xff, 0xeb, 0xce, 0xb8, 0xab, 0xa9, 0xb4, 0xca, 0xe7, 0xff, 0xff, 0xff, 0xff, 0xff, 0xff, 0xff, 0xd0, 0x4b, 0x00, 0x00, 0x00, 0x00,
  0x00, 0x00, 0x01, 0x86, 0xff, 0xff, 0xff, 0xff, 0xff, 0xff, 0xc2, 0x75, 0x37, 0x10, 0x00, 0x00, 0x00, 0x00, 0x00, 0x00, 0x0c, 0x31, 0x6d, 0xb9, 0xfa, 0xff, 0xff, 0xff, 0xff, 0xff, 0x9a, 0x0b, 0x00, 0x00,
  0x00, 0x16, 0xbd, 0xff, 0xff, 0xff, 0xff, 0xf8, 0x98, 0x31, 0x00, 0x00, 0x00, 0x00, 0x00, 0x00, 0x00, 0x00, 0x00, 0x00, 0x00, 0x00, 0x00, 0x00, 0x27, 0x8a, 0xef, 0xff, 0xff, 0xff, 0xff, 0xd0, 0x26, 0x00,
  0x1a, 0xd9, 0xff, 0xff, 0xff, 0xff, 0xad, 0x29, 0x00, 0x00, 0x00, 0x00, 0x00, 0x19, 0x3d, 0x5a, 0x69, 0x6a, 0x5d, 0x41, 0x1d, 0x00, 0x00, 0x00, 0x00, 0x00, 0x1d, 0x9a, 0xff, 0xff, 0xff, 0xff, 0xe9, 0x29,
  0xad, 0xff, 0xff, 0xff, 0xf2, 0x5f, 0x00, 0x00, 0x00, 0x00, 0x26, 0x7c, 0xc6, 0xf3, 0xff, 0xff, 0xff, 0xff, 0xff, 0xff, 0xf7, 0xcd, 0x86, 0x30, 0x00, 0x00, 0x00, 0x00, 0x4a, 0xe4, 0xff, 0xff, 0xff, 0xcb,
  0xa6, 0xff, 0xff, 0xdc, 0x2e, 0x00, 0x00, 0x00, 0x2c, 0xa4, 0xfa, 0xff, 0xff, 0xff, 0xff, 0xff, 0xff, 0xff, 0xff, 0xff, 0xff, 0xff, 0xff, 0xff, 0xb3, 0x39, 0x00, 0x00, 0x00, 0x1c, 0xc8, 0xff, 0xff, 0xc3,
  0x16, 0xad, 0xaa, 0x1a, 0x00, 0x00, 0x00, 0x7f, 0xf9, 0xff, 0xff, 0xff, 0xff, 0xff, 0xff, 0xff, 0xf8, 0xf7, 0xff, 0xff, 0xff, 0xff, 0xff, 0xff, 0xff, 0xff, 0x93, 0x0a, 0x00, 0x00, 0x0b, 0x9a, 0xaf, 0x20,
  0x00, 0x00, 0x00, 0x00, 0x00, 0x14, 0xbc, 0xff, 0xff, 0xff, 0xff, 0xff, 0xd4, 0x8c, 0x52, 0x2f, 0x1d, 0x1d, 0x2c, 0x4c, 0x84, 0xcb, 0xff, 0xff, 0xff, 0xff, 0xff, 0xcf, 0x24, 0x00, 0x00, 0x00, 0x00, 0x00,
  0x00, 0x00, 0x00, 0x00, 0x19, 0xd5, 0xff, 0xff, 0xff, 0xff, 0xbd, 0x48, 0x01, 0x00, 0x00, 0x00, 0x00, 0x00, 0x00, 0x00, 0x00, 0x00, 0x3d, 0xaf, 0xff, 0xff, 0xff, 0xff, 0xe6, 0x28, 0x00, 0x00, 0x00, 0x00,
  0x00, 0x00, 0x00, 0x00, 0x6f, 0xff, 0xff, 0xff, 0xf2, 0x61, 0x00, 0x00, 0x00, 0x00, 0x00, 0x04, 0x13, 0x14, 0x06, 0x00, 0x00, 0x00, 0x00, 0x00, 0x50, 0xe5, 0xff, 0xff, 0xff, 0x8d, 0x00, 0x00, 0x00, 0x00,
  0x00, 0x00, 0x00, 0x00, 0x39, 0xfe, 0xff, 0xdd, 0x2d, 0x00, 0x00, 0x00, 0x14, 0x67, 0xb1, 0xdc, 0xef, 0xf0, 0xdf, 0xb8, 0x72, 0x1c, 0x00, 0x00, 0x00, 0x1d, 0xcb, 0xff, 0xff, 0x4c, 0x00, 0x00, 0x00, 0x00,
  0x00, 0x00, 0x00, 0x00, 0x00, 0x3b, 0x6d, 0x18, 0x00, 0x00, 0x00, 0x76, 0xe9, 0xff, 0xff, 0xff, 0xff, 0xff, 0xff, 0xff, 0xff, 0xf1, 0x86, 0x08, 0x00, 0x00, 0x0b, 0x67, 0x44, 0x00, 0x00, 0x00, 0x00, 0x00,
  0x00, 0x00, 0x00, 0x00, 0x00, 0x00, 0x00, 0x00, 0x00, 0x13, 0xbb, 0xff, 0xff, 0xff, 0xff, 0xff, 0xff, 0xff, 0xff, 0xff, 0xff, 0xff, 0xff, 0xcd, 0x21, 0x00, 0x00, 0x00, 0x00, 0x00, 0x00, 0x00, 0x00, 0x00,
  0x00, 0x00, 0x00, 0x00, 0x00, 0x00, 0x00, 0x00, 0x08, 0xc6, 0xff, 0xff, 0xff, 0xff, 0xe4, 0xa4, 0x7d, 0x7c, 0x9e, 0xdb, 0xff, 0xff, 0xff, 0xff, 0xdd, 0x11, 0x00, 0x00, 0x00, 0x00, 0x00, 0x00, 0x00, 0x00,
  0x00, 0x00, 0x00, 0x00, 0x00, 0x00, 0x00, 0x00, 0x18, 0xff, 0xff, 0xff, 0xf3, 0x6e, 0x0d, 0x00, 0x00, 0x00, 0x00, 0x06, 0x5e, 0xe6, 0xff, 0xff, 0xff, 0x2c, 0x00, 0x00, 0x00, 0x00, 0x00, 0x00, 0x00, 0x00,
  0x00, 0x00, 0x00, 0x00, 0x00, 0x00, 0x00, 0x00, 0x00, 0x8f, 0xfe, 0xda, 0x30, 0x00, 0x00, 0x00, 0x17, 0x1a, 0x00, 0x00, 0x00, 0x1e, 0xc8, 0xfc, 0xa2, 0x04, 0x00, 0x00, 0x00, 0x00, 0x00, 0x00, 0x00, 0x00,
  0x00, 0x00, 0x00, 0x00, 0x00, 0x00, 0x00, 0x00, 0x00, 0x00, 0x26, 0x0b, 0x00, 0x00, 0x24, 0xb5, 0xf2, 0xf5, 0xbe, 0x32, 0x00, 0x00, 0x03, 0x23, 0x00, 0x00, 0x00, 0x00, 0x00, 0x00, 0x00, 0x00, 0x00, 0x00,
  0x00, 0x00, 0x00, 0x00, 0x00, 0x00, 0x00, 0x00, 0x00, 0x00, 0x00, 0x00, 0x00, 0x14, 0xe1, 0xff, 0xff, 0xff, 0xff, 0xf1, 0x24, 0x00, 0x00, 0x00, 0x00, 0x00, 0x00, 0x00, 0x00, 0x00, 0x00, 0x00, 0x00, 0x00,
  0x00, 0x00, 0x00, 0x00, 0x00, 0x00, 0x00, 0x00, 0x00, 0x00, 0x00, 0x00, 0x00, 0x7d, 0xff, 0xff, 0xff, 0xff, 0xff, 0xff, 0x9a, 0x00, 0x00, 0x00, 0x00, 0x00, 0x00, 0x00, 0x00, 0x00, 0x00, 0x00, 0x00, 0x00,
  0x00, 0x00, 0x00, 0x00, 0x00, 0x00, 0x00, 0x00, 0x00, 0x00, 0x00, 0x00, 0x00, 0xaf, 0xff, 0xff, 0xff, 0xff, 0xff, 0xff, 0xc7, 0x00, 0x00, 0x00, 0x00, 0x00, 0x00, 0x00, 0x00, 0x00, 0x00, 0x00, 0x00, 0x00,
  0x00, 0x00, 0x00, 0x00, 0x00, 0x00, 0x00, 0x00, 0x00, 0x00, 0x00, 0x00, 0x00, 0x94, 0xff, 0xff, 0xff, 0xff, 0xff, 0xff, 0xaf, 0x00, 0x00, 0x00, 0x00, 0x00, 0x00, 0x00, 0x00, 0x00, 0x00, 0x00, 0x00, 0x00,
  0x00, 0x00, 0x00, 0x00, 0x00, 0x00, 0x00, 0x00, 0x00, 0x00, 0x00, 0x00, 0x00, 0x2f, 0xff, 0xff, 0xff, 0xff, 0xff, 0xff, 0x43, 0x00, 0x00, 0x00, 0x00, 0x00, 0x00, 0x00, 0x00, 0x00, 0x00, 0x00, 0x00, 0x00,
  0x00, 0x00, 0x00, 0x00, 0x00, 0x00, 0x00, 0x00, 0x00, 0x00, 0x00, 0x00, 0x00, 0x00, 0x56, 0xea, 0xff, 0xff, 0xf2, 0x6a, 0x00, 0x00, 0x00, 0x00, 0x00, 0x00, 0x00, 0x00, 0x00, 0x00, 0x00, 0x00, 0x00, 0x00,
  0x00, 0x00, 0x00, 0x00, 0x00, 0x00, 0x00, 0x00, 0x00, 0x00, 0x00, 0x00, 0x00, 0x00, 0x00, 0x0e, 0x3f, 0x42, 0x14, 0x00, 0x00, 0x00, 0x00, 0x00, 0x00, 0x00, 0x00, 0x00, 0x00, 0x00, 0x00, 0x00, 0x00, 0x00,
};

const lv_image_dsc_t ui_img_wifisym_4_png = {
    .header.w = 34,
    .header.h = 29,
    .data_size = sizeof(ui_img_wifisym_4_png_data),
    .header.cf = LV_COLOR_FORMAT_NATIVE_WITH_ALPHA,
    .header.magic = LV_IMAGE_HEADER_MAGIC,
    .data = ui_img_wifisym_4_png_data
};

const LV_ATTRIBUTE_MEM_ALIGN uint8_t ui_img_wifisym_Disable_png_data[]  = {
  0x00, 0x00, 0x00, 0x00, 0x00, 0x00, 0x00, 0x00, 0x00, 0x00, 0x00, 0x00, 0x00, 0x00, 0x00, 0x00, 0x00, 0x00, 0x00, 0x00, 0x00, 0x00, 0x00, 0x00, 0x00, 0x00, 0x00, 0x00, 0x00, 0x00, 0x00, 0x00, 0x00, 0x00, 0x00, 0x00, 0x00, 0x00, 0x00, 0x00, 0x00, 0x00, 0x00, 0x00, 0x00, 0x00, 0x00, 0x00, 0x00, 0x00, 0x00, 0x00, 0x00, 0x00, 0x00, 0x00, 0x00, 0x00, 0x00, 0x00, 0x00, 0x00, 0x00, 0x00, 0x00, 0x00, 0x00, 0x00,
  0x00, 0x00, 0x00, 0x00, 0x00, 0x00, 0xc3, 0xc0, 0xc4, 0xc8, 0xc4, 0xc0, 0x00, 0x00, 0x00, 0x00, 0x00, 0x00, 0x00, 0x00, 0x00, 0x00, 0x00, 0x00, 0x00, 0x00, 0x00, 0x00, 0x00, 0x00, 0x00, 0x00, 0x00, 0x00, 0x00, 0x00, 0x00, 0x00, 0x00, 0x00, 0x00, 0x00, 0x00, 0x00, 0x00, 0x00, 0x00, 0x00, 0x00, 0x00, 0x00, 0x00, 0x00, 0x00, 0x00, 0x00, 0x00, 0x00, 0x00, 0x00, 0x00, 0x00, 0x00, 0x00, 0x00, 0x00, 0x00, 0x00,
  0x00, 0x00, 0x00, 0x00, 0xe3, 0xc0, 0xc4, 0xc0, 0xe4, 0xd8, 0xe4, 0xd8, 0xc4, 0xc0, 0x00, 0x00, 0x00, 0x00, 0x00, 0x00, 0xab, 0x5a, 0x5d, 0xef, 0xbe, 0xf7, 0xbf, 0xff, 0xdf, 0xff, 0xff, 0xff, 0xdf, 0xff, 0xff, 0xff, 0xdf, 0xff, 0xdf, 0xff, 0xdf, 0xff, 0xbf, 0xff, 0x9e, 0xf7, 0xd7, 0xbd, 0x00, 0x00, 0x00, 0x00, 0x00, 0x00, 0x00, 0x00, 0x00, 0x00, 0x00, 0x00, 0x00, 0x00, 0x00, 0x00, 0x00, 0x00, 0x00, 0x00,
  0x00, 0x00, 0x00, 0x00, 0xc3, 0xc0, 0xc4, 0xd8, 0xc4, 0xc0, 0xc4, 0xc0, 0xc4, 0xd0, 0x62, 0xc0, 0xff, 0xf7, 0xff, 0xff, 0xff, 0xff, 0xff, 0xff, 0xff, 0xff, 0xff, 0xff, 0xff, 0xff, 0xff, 0xff, 0xff, 0xff, 0xff, 0xff, 0xff, 0xff, 0xff, 0xff, 0xff, 0xff, 0xff, 0xff, 0xff, 0xff, 0xff, 0xff, 0xbf, 0xff, 0x9e, 0xf7, 0x00, 0x00, 0x00, 0x00, 0x00, 0x00, 0x00, 0x00, 0x00, 0x00, 0x00, 0x00, 0x00, 0x00, 0x00, 0x00,
  0x00, 0x00, 0x00, 0x00, 0x84, 0xc0, 0xa3, 0xc0, 0xa3, 0xc8, 0xc4, 0xc0, 0xc4, 0xc0, 0x62, 0xc0, 0x8f, 0xe3, 0xff, 0xff, 0xff, 0xff, 0xff, 0xff, 0xff, 0xff, 0xff, 0xff, 0xff, 0xff, 0xff, 0xff, 0xff, 0xff, 0xff, 0xff, 0xff, 0xff, 0xff, 0xff, 0xff, 0xff, 0xff, 0xff, 0xff, 0xff, 0xff, 0xff, 0xff, 0xff, 0xff, 0xff, 0xff, 0xff, 0xbf, 0xff, 0xab, 0x5a, 0x00, 0x00, 0x00, 0x00, 0x00, 0x00, 0x00, 0x00, 0x00, 0x00,
  0x00, 0x00, 0x00, 0x00, 0x00, 0x00, 0x00, 0x40, 0x05, 0xc9, 0x83, 0xc0, 0xc4, 0xc0, 0xc4, 0xc0, 0x21, 0xb8, 0x4e, 0xdb, 0xff, 0xff, 0xff, 0xff, 0xff, 0xff, 0xff, 0xff, 0xff, 0xff, 0xdf, 0xff, 0xdf, 0xff, 0xdf, 0xff, 0xdf, 0xff, 0xff, 0xff, 0xff, 0xff, 0xff, 0xff, 0xff, 0xff, 0xff, 0xff, 0xff, 0xff, 0xff, 0xff, 0xff, 0xff, 0xff, 0xff, 0xff, 0xff, 0x9e, 0xf7, 0x00, 0x00, 0x00, 0x00, 0x00, 0x00, 0x00, 0x00,
  0x00, 0x00, 0x00, 0x00, 0x00, 0x00, 0xff, 0xff, 0x7e, 0xff, 0x09, 0xd2, 0x21, 0xb8, 0xc4, 0xc0, 0xc4, 0xc0, 0x21, 0xc0, 0x6e, 0xdb, 0xff, 0xff, 0xff, 0xf7, 0x9a, 0xd6, 0x00, 0x00, 0x00, 0x00, 0x00, 0x00, 0x00, 0x00, 0x00, 0x00, 0x00, 0x00, 0xbb, 0xde, 0x9e, 0xf7, 0xdf, 0xff, 0xdf, 0xff, 0xff, 0xff, 0xff, 0xff, 0xff, 0xff, 0xff, 0xff, 0xff, 0xff, 0xff, 0xff, 0xdf, 0xff, 0xd7, 0xbd, 0x00, 0x00, 0x00, 0x00,
  0x00, 0x00, 0x5d, 0xef, 0xff, 0xff, 0xff, 0xff, 0xff, 0xff, 0x7e, 0xff, 0x6a, 0xda, 0x83, 0xc8, 0xc4, 0xc0, 0xc4, 0xc0, 0x62, 0xc8, 0x00, 0xb8, 0x00, 0x00, 0x00, 0x00, 0x00, 0x00, 0x00, 0x00, 0x00, 0x00, 0x00, 0x00, 0x00, 0x00, 0x00, 0x00, 0x00, 0x00, 0x00, 0x00, 0x00, 0x00, 0x00, 0x00, 0x7d, 0xef, 0xdf, 0xff, 0xff, 0xff, 0xff, 0xff, 0xff, 0xff, 0xff, 0xff, 0xff, 0xff, 0xff, 0xff, 0x3d, 0xef, 0x00, 0x00,
  0x7d, 0xef, 0xff, 0xff, 0xff, 0xff, 0xff, 0xff, 0xff, 0xff, 0xff, 0xff, 0x1c, 0xff, 0x62, 0xb8, 0xc4, 0xd0, 0xc4, 0xc0, 0xc4, 0xc0, 0xc4, 0xd0, 0x83, 0xc0, 0xff, 0xf7, 0xff, 0xf7, 0x9e, 0xf7, 0xdf, 0xff, 0xdf, 0xff, 0x9e, 0xf7, 0x9e, 0xf7, 0x3d, 0xef, 0x00, 0x00, 0x00, 0x00, 0x00, 0x00, 0x00, 0x00, 0x00, 0x00, 0x3d, 0xef, 0xdf, 0xff, 0xff, 0xff, 0xff, 0xff, 0xff, 0xff, 0xff, 0xff, 0xff, 0xff, 0x7e, 0xf7,
  0xdf, 0xff, 0xff, 0xff, 0xff, 0xff, 0xff, 0xff, 0xff, 0xff, 0xbe, 0xf7, 0x00, 0x00, 0x00, 0xb8, 0x62, 0xc0, 0x83, 0xc0, 0xc4, 0xc0, 0xc4, 0xc0, 0x62, 0xc8, 0x2d, 0xd3, 0xff, 0xff, 0xff, 0xff, 0xff, 0xff, 0xff, 0xff, 0xff, 0xff, 0xff, 0xff, 0xff, 0xff, 0xff, 0xff, 0xbf, 0xff, 0x9e, 0xf7, 0x00, 0x00, 0x00, 0x00, 0x00, 0x00, 0x00, 0x00, 0x9e, 0xf7, 0xff, 0xff, 0xff, 0xff, 0xff, 0xff, 0xff, 0xff, 0xff, 0xff,
  0xbf, 0xff, 0xff, 0xff, 0xff, 0xff, 0xff, 0xff, 0x5d, 0xef, 0x00, 0x00, 0x00, 0x00, 0x00, 0x00, 0xb7, 0xe5, 0x09, 0xd2, 0x42, 0xc0, 0xc4, 0xc0, 0xc4, 0xc0, 0x42, 0xc0, 0x6e, 0xdb, 0xff, 0xff, 0xff, 0xff, 0xff, 0xff, 0xff, 0xff, 0xff, 0xff, 0xff, 0xff, 0xff, 0xff, 0xff, 0xff, 0xff, 0xff, 0xdf, 0xff, 0xbe, 0xf7, 0x00, 0x00, 0x00, 0x00, 0x00, 0x00, 0x3d, 0xef, 0xdf, 0xff, 0xff, 0xff, 0xff, 0xff, 0xdf, 0xff,
  0xfc, 0xe6, 0xdf, 0xff, 0xdf, 0xff, 0x3c, 0xe7, 0x00, 0x00, 0x00, 0x00, 0x00, 0x00, 0xdf, 0xff, 0xff, 0xff, 0x9e, 0xff, 0xe8, 0xc9, 0x22, 0xb8, 0xc4, 0xc0, 0xc4, 0xc0, 0x01, 0xb8, 0x6e, 0xdb, 0xff, 0xff, 0xff, 0xff, 0xff, 0xff, 0xff, 0xff, 0xff, 0xff, 0xff, 0xff, 0xff, 0xff, 0xff, 0xff, 0xff, 0xff, 0xff, 0xff, 0xdf, 0xff, 0xb6, 0xb5, 0x00, 0x00, 0x00, 0x00, 0x9a, 0xd6, 0xdf, 0xff, 0xdf, 0xff, 0x5d, 0xef,
  0x00, 0x00, 0x00, 0x00, 0x00, 0x00, 0x00, 0x00, 0x00, 0x00, 0xdb, 0xde, 0xdf, 0xff, 0xff, 0xff, 0xff, 0xff, 0xff, 0xff, 0xff, 0xff, 0x6a, 0xda, 0x63, 0xc0, 0xc4, 0xc0, 0xc4, 0xc0, 0x62, 0xc8, 0x87, 0xc9, 0xdf, 0xe7, 0xff, 0xf7, 0xbe, 0xf7, 0xbf, 0xff, 0xdf, 0xff, 0xff, 0xff, 0xff, 0xff, 0xff, 0xff, 0xff, 0xff, 0xff, 0xff, 0xff, 0xff, 0x7d, 0xef, 0x00, 0x00, 0x00, 0x00, 0x00, 0x00, 0x00, 0x00, 0x00, 0x00,
  0x00, 0x00, 0x00, 0x00, 0x00, 0x00, 0x00, 0x00, 0x7d, 0xef, 0xff, 0xff, 0xff, 0xff, 0xff, 0xff, 0xff, 0xff, 0xff, 0xff, 0xff, 0xff, 0x18, 0xee, 0x62, 0xc0, 0xc4, 0xd0, 0xc4, 0xc0, 0xc4, 0xc0, 0xa3, 0xc8, 0x42, 0xc0, 0x00, 0x00, 0x00, 0x00, 0x00, 0x00, 0x00, 0x00, 0x9e, 0xf7, 0xdf, 0xff, 0xff, 0xff, 0xff, 0xff, 0xff, 0xff, 0xff, 0xff, 0xff, 0xff, 0x7e, 0xf7, 0x00, 0x00, 0x00, 0x00, 0x00, 0x00, 0x00, 0x00,
  0x00, 0x00, 0x00, 0x00, 0x00, 0x00, 0x00, 0x00, 0xbf, 0xff, 0xff, 0xff, 0xff, 0xff, 0xff, 0xff, 0xff, 0xff, 0xbf, 0xff, 0x00, 0x00, 0x00, 0x00, 0x00, 0xb8, 0x01, 0xc0, 0x83, 0xc8, 0xc4, 0xc0, 0xc4, 0xc0, 0xc4, 0xd0, 0xc4, 0xc0, 0x00, 0x00, 0x00, 0x00, 0x00, 0x00, 0x00, 0x00, 0x00, 0x00, 0xbe, 0xf7, 0xff, 0xff, 0xff, 0xff, 0xff, 0xff, 0xff, 0xff, 0xbf, 0xff, 0x00, 0x00, 0x00, 0x00, 0x00, 0x00, 0x00, 0x00,
  0x00, 0x00, 0x00, 0x00, 0x00, 0x00, 0x00, 0x00, 0x7e, 0xf7, 0xff, 0xff, 0xff, 0xff, 0xff, 0xff, 0x5d, 0xef, 0x00, 0x00, 0x00, 0x00, 0x00, 0x00, 0xff, 0xef, 0xbb, 0xf6, 0x29, 0xd2, 0x22, 0xb8, 0xc4, 0xc0, 0xc4, 0xc0, 0xa3, 0xc8, 0x09, 0xd2, 0xff, 0xff, 0xff, 0xff, 0x00, 0x00, 0x00, 0x00, 0x00, 0x00, 0x3d, 0xef, 0xdf, 0xff, 0xff, 0xff, 0xff, 0xff, 0xbe, 0xf7, 0x00, 0x00, 0x00, 0x00, 0x00, 0x00, 0x00, 0x00,
  0x00, 0x00, 0x00, 0x00, 0x00, 0x00, 0x00, 0x00, 0x00, 0x00, 0x9e, 0xf7, 0xbe, 0xf7, 0x1c, 0xe7, 0x00, 0x00, 0x00, 0x00, 0x00, 0x00, 0xbf, 0xff, 0xff, 0xff, 0xff, 0xff, 0x7e, 0xff, 0xe8, 0xc9, 0x21, 0xb8, 0xc4, 0xc0, 0xc4, 0xc0, 0x83, 0xc8, 0x10, 0xec, 0xff, 0xff, 0xff, 0xff, 0x18, 0xc6, 0x00, 0x00, 0x00, 0x00, 0x9a, 0xd6, 0xbe, 0xf7, 0x7e, 0xf7, 0x00, 0x00, 0x00, 0x00, 0x00, 0x00, 0x00, 0x00, 0x00, 0x00,
  0x00, 0x00, 0x00, 0x00, 0x00, 0x00, 0x00, 0x00, 0x00, 0x00, 0x00, 0x00, 0x00, 0x00, 0x00, 0x00, 0x00, 0x00, 0xdb, 0xde, 0xff, 0xff, 0xff, 0xff, 0xff, 0xff, 0xff, 0xff, 0xff, 0xff, 0xff, 0xff, 0x8b, 0xe2, 0x83, 0xc8, 0xc4, 0xc0, 0xc4, 0xc0, 0x01, 0xb8, 0x8e, 0xe3, 0xff, 0xff, 0xff, 0xff, 0x5d, 0xef, 0x00, 0x00, 0x00, 0x00, 0x00, 0x00, 0x00, 0x00, 0x00, 0x00, 0x00, 0x00, 0x00, 0x00, 0x00, 0x00, 0x00, 0x00,
  0x00, 0x00, 0x00, 0x00, 0x00, 0x00, 0x00, 0x00, 0x00, 0x00, 0x00, 0x00, 0x00, 0x00, 0x00, 0x00, 0x1c, 0xe7, 0xdf, 0xff, 0xff, 0xff, 0xff, 0xff, 0xff, 0xff, 0xff, 0xff, 0xff, 0xff, 0xff, 0xff, 0x9a, 0xee, 0xa3, 0xc0, 0xc4, 0xd0, 0xc4, 0xc0, 0xc4, 0xc0, 0x01, 0xb8, 0x4e, 0xdb, 0xff, 0xff, 0xff, 0xff, 0x1c, 0xe7, 0x00, 0x00, 0x00, 0x00, 0x00, 0x00, 0x00, 0x00, 0x00, 0x00, 0x00, 0x00, 0x00, 0x00, 0x00, 0x00,
  0x00, 0x00, 0x00, 0x00, 0x00, 0x00, 0x00, 0x00, 0x00, 0x00, 0x00, 0x00, 0x00, 0x00, 0x00, 0x00, 0xbb, 0xde, 0xff, 0xff, 0xff, 0xff, 0xff, 0xff, 0xff, 0xff, 0xdf, 0xff, 0x39, 0xce, 0x00, 0x00, 0x00, 0x00, 0x00, 0xa8, 0xc4, 0xc0, 0xc4, 0xd0, 0xc4, 0xc0, 0xc4, 0xc0, 0x01, 0xb8, 0x6e, 0xdb, 0xff, 0xff, 0xff, 0xf7, 0x00, 0x00, 0x00, 0x00, 0x00, 0x00, 0x00, 0x00, 0x00, 0x00, 0x00, 0x00, 0x00, 0x00, 0x00, 0x00,
  0x00, 0x00, 0x00, 0x00, 0x00, 0x00, 0x00, 0x00, 0x00, 0x00, 0x00, 0x00, 0x00, 0x00, 0x00, 0x00, 0x00, 0x00, 0xdf, 0xff, 0xff, 0xff, 0xff, 0xff, 0x7d, 0xef, 0x00, 0x00, 0x00, 0x00, 0x00, 0x00, 0x5d, 0xef, 0xff, 0xf7, 0x00, 0x60, 0x62, 0xc0, 0xe4, 0xd0, 0xc4, 0xc0, 0xc4, 0xc0, 0x62, 0xc0, 0xab, 0xd2, 0xff, 0xff, 0x00, 0x00, 0x00, 0x00, 0x00, 0x00, 0x00, 0x00, 0x00, 0x00, 0x00, 0x00, 0x00, 0x00, 0x00, 0x00,
  0x00, 0x00, 0x00, 0x00, 0x00, 0x00, 0x00, 0x00, 0x00, 0x00, 0x00, 0x00, 0x00, 0x00, 0x00, 0x00, 0x00, 0x00, 0x00, 0x00, 0x3d, 0xef, 0x9a, 0xd6, 0x00, 0x00, 0x00, 0x00, 0x7d, 0xef, 0xdf, 0xff, 0xff, 0xff, 0xff, 0xff, 0xff, 0xff, 0xd7, 0xe5, 0x42, 0xc0, 0xc4, 0xd0, 0xc4, 0xc0, 0xc4, 0xc0, 0x62, 0xc8, 0xa4, 0xc0, 0x00, 0x00, 0x00, 0x00, 0x00, 0x00, 0x00, 0x00, 0x00, 0x00, 0x00, 0x00, 0x00, 0x00, 0x00, 0x00,
  0x00, 0x00, 0x00, 0x00, 0x00, 0x00, 0x00, 0x00, 0x00, 0x00, 0x00, 0x00, 0x00, 0x00, 0x00, 0x00, 0x00, 0x00, 0x00, 0x00, 0x00, 0x00, 0x00, 0x00, 0x00, 0x00, 0x5d, 0xef, 0xff, 0xff, 0xff, 0xff, 0xff, 0xff, 0xff, 0xff, 0xff, 0xff, 0xff, 0xff, 0xd3, 0xdc, 0x82, 0xc0, 0xc4, 0xd0, 0xc4, 0xc0, 0xc4, 0xc0, 0xc4, 0xd0, 0xc4, 0xc0, 0x00, 0x00, 0x00, 0x00, 0x00, 0x00, 0x00, 0x00, 0x00, 0x00, 0x00, 0x00, 0x00, 0x00,
  0x00, 0x00, 0x00, 0x00, 0x00, 0x00, 0x00, 0x00, 0x00, 0x00, 0x00, 0x00, 0x00, 0x00, 0x00, 0x00, 0x00, 0x00, 0x00, 0x00, 0x00, 0x00, 0x00, 0x00, 0x00, 0x00, 0xbf, 0xff, 0xff, 0xff, 0xff, 0xff, 0xff, 0xff, 0xff, 0xff, 0xff, 0xff, 0xff, 0xff, 0xff, 0xff, 0x00, 0x80, 0xc4, 0xc8, 0xc4, 0xd0, 0xc4, 0xc0, 0xe4, 0xd0, 0xc4, 0xc0, 0x00, 0x00, 0x00, 0x00, 0x00, 0x00, 0x00, 0x00, 0x00, 0x00, 0x00, 0x00, 0x00, 0x00,
  0x00, 0x00, 0x00, 0x00, 0x00, 0x00, 0x00, 0x00, 0x00, 0x00, 0x00, 0x00, 0x00, 0x00, 0x00, 0x00, 0x00, 0x00, 0x00, 0x00, 0x00, 0x00, 0x00, 0x00, 0x00, 0x00, 0xdf, 0xff, 0xff, 0xff, 0xff, 0xff, 0xff, 0xff, 0xff, 0xff, 0xff, 0xff, 0xff, 0xff, 0xdf, 0xff, 0x00, 0x00, 0x63, 0xb0, 0xc4, 0xc8, 0xc4, 0xd0, 0xc4, 0xc0, 0x65, 0xa9, 0x00, 0x00, 0x00, 0x00, 0x00, 0x00, 0x00, 0x00, 0x00, 0x00, 0x00, 0x00, 0x00, 0x00,
  0x00, 0x00, 0x00, 0x00, 0x00, 0x00, 0x00, 0x00, 0x00, 0x00, 0x00, 0x00, 0x00, 0x00, 0x00, 0x00, 0x00, 0x00, 0x00, 0x00, 0x00, 0x00, 0x00, 0x00, 0x00, 0x00, 0xdf, 0xff, 0xff, 0xff, 0xff, 0xff, 0xff, 0xff, 0xff, 0xff, 0xff, 0xff, 0xff, 0xff, 0xdf, 0xff, 0x00, 0x00, 0x00, 0x00, 0x00, 0x00, 0xc4, 0xe0, 0x00, 0x00, 0x00, 0x00, 0x00, 0x00, 0x00, 0x00, 0x00, 0x00, 0x00, 0x00, 0x00, 0x00, 0x00, 0x00, 0x00, 0x00,
  0x00, 0x00, 0x00, 0x00, 0x00, 0x00, 0x00, 0x00, 0x00, 0x00, 0x00, 0x00, 0x00, 0x00, 0x00, 0x00, 0x00, 0x00, 0x00, 0x00, 0x00, 0x00, 0x00, 0x00, 0x00, 0x00, 0x5d, 0xef, 0xff, 0xff, 0xff, 0xff, 0xff, 0xff, 0xff, 0xff, 0xff, 0xff, 0xff, 0xff, 0x9e, 0xf7, 0x00, 0x00, 0x00, 0x00, 0x00, 0x00, 0x00, 0x00, 0x00, 0x00, 0x00, 0x00, 0x00, 0x00, 0x00, 0x00, 0x00, 0x00, 0x00, 0x00, 0x00, 0x00, 0x00, 0x00, 0x00, 0x00,
  0x00, 0x00, 0x00, 0x00, 0x00, 0x00, 0x00, 0x00, 0x00, 0x00, 0x00, 0x00, 0x00, 0x00, 0x00, 0x00, 0x00, 0x00, 0x00, 0x00, 0x00, 0x00, 0x00, 0x00, 0x00, 0x00, 0x00, 0x00, 0xbe, 0xf7, 0xff, 0xff, 0xff, 0xff, 0xff, 0xff, 0xff, 0xff, 0xbe, 0xf7, 0x00, 0x00, 0x00, 0x00, 0x00, 0x00, 0x00, 0x00, 0x00, 0x00, 0x00, 0x00, 0x00, 0x00, 0x00, 0x00, 0x00, 0x00, 0x00, 0x00, 0x00, 0x00, 0x00, 0x00, 0x00, 0x00, 0x00, 0x00,
  0x00, 0x00, 0x00, 0x00, 0x00, 0x00, 0x00, 0x00, 0x00, 0x00, 0x00, 0x00, 0x00, 0x00, 0x00, 0x00, 0x00, 0x00, 0x00, 0x00, 0x00, 0x00, 0x00, 0x00, 0x00, 0x00, 0x00, 0x00, 0x00, 0x00, 0x59, 0xce, 0x9e, 0xf7, 0x9e, 0xf7, 0xdb, 0xde, 0x00, 0x00, 0x00, 0x00, 0x00, 0x00, 0x00, 0x00, 0x00, 0x00, 0x00, 0x00, 0x00, 0x00, 0x00, 0x00, 0x00, 0x00, 0x00, 0x00, 0x00, 0x00, 0x00, 0x00, 0x00, 0x00, 0x00, 0x00, 0x00, 0x00,

  0x00, 0x00, 0x00, 0x00, 0x00, 0x00, 0x00, 0x00, 0x00, 0x00, 0x00, 0x00, 0x00, 0x00, 0x00, 0x00, 0x00, 0x00, 0x00, 0x00, 0x00, 0x00, 0x00, 0x00, 0x00, 0x00, 0x00, 0x00, 0x00, 0x00, 0x00, 0x00, 0x00, 0x00,
  0x00, 0x00, 0x00, 0x15, 0x6a, 0x5b, 0x00, 0x00, 0x00, 0x00, 0x00, 0x00, 0x00, 0x00, 0x00, 0x00, 0x00, 0x00, 0x00, 0x00, 0x00, 0x00, 0x00, 0x00, 0x00, 0x00, 0x00, 0x00, 0x00, 0x00, 0x00, 0x00, 0x00, 0x00,
  0x00, 0x00, 0x13, 0xdb, 0xff, 0xff, 0xa4, 0x00, 0x00, 0x00, 0x03, 0x2f, 0x61, 0x8d, 0xad, 0xc1, 0xcb, 0xcc, 0xc4, 0xb0, 0x92, 0x66, 0x34, 0x07, 0x00, 0x00, 0x00, 0x00, 0x00, 0x00, 0x00, 0x00, 0x00, 0x00,
  0x00, 0x00, 0x43, 0xff, 0xff, 0xff, 0xff, 0x9d, 0x3e, 0x92, 0xd9, 0xff, 0xff, 0xff, 0xff, 0xff, 0xff, 0xff, 0xff, 0xff, 0xff, 0xff, 0xff, 0xdf, 0x9c, 0x45, 0x00, 0x00, 0x00, 0x00, 0x00, 0x00, 0x00, 0x00,
  0x00, 0x00, 0x10, 0xd3, 0xff, 0xff, 0xff, 0xff, 0xff, 0xff, 0xff, 0xff, 0xff, 0xff, 0xff, 0xff, 0xff, 0xff, 0xff, 0xff, 0xff, 0xff, 0xff, 0xff, 0xff, 0xff, 0xcf, 0x63, 0x03, 0x00, 0x00, 0x00, 0x00, 0x00,
  0x00, 0x00, 0x00, 0x08, 0xdb, 0xff, 0xff, 0xff, 0xff, 0xff, 0xff, 0xff, 0xff, 0xeb, 0xce, 0xb8, 0xab, 0xa9, 0xb4, 0xca, 0xe7, 0xff, 0xff, 0xff, 0xff, 0xff, 0xff, 0xff, 0xd0, 0x4b, 0x00, 0x00, 0x00, 0x00,
  0x00, 0x00, 0x01, 0x7e, 0xef, 0xff, 0xff, 0xff, 0xff, 0xff, 0xf7, 0x73, 0x34, 0x10, 0x00, 0x00, 0x00, 0x00, 0x00, 0x00, 0x0c, 0x31, 0x6d, 0xb9, 0xfa, 0xff, 0xff, 0xff, 0xff, 0xff, 0x9a, 0x0b, 0x00, 0x00,
  0x00, 0x16, 0xbd, 0xff, 0xff, 0xff, 0xff, 0xff, 0xff, 0xff, 0xfd, 0x8f, 0x00, 0x00, 0x00, 0x00, 0x00, 0x00, 0x00, 0x00, 0x00, 0x00, 0x00, 0x00, 0x27, 0x8a, 0xef, 0xff, 0xff, 0xff, 0xff, 0xd0, 0x26, 0x00,
  0x1a, 0xd9, 0xff, 0xff, 0xff, 0xff, 0xa8, 0xcb, 0xff, 0xff, 0xff, 0xff, 0xa1, 0x1f, 0x3c, 0x5a, 0x69, 0x6a, 0x5d, 0x41, 0x1d, 0x00, 0x00, 0x00, 0x00, 0x00, 0x1d, 0x9a, 0xff, 0xff, 0xff, 0xff, 0xe9, 0x29,
  0xad, 0xff, 0xff, 0xff, 0xf2, 0x5f, 0x00, 0x12, 0xc6, 0xff, 0xff, 0xff, 0xff, 0xf8, 0xff, 0xff, 0xff, 0xff, 0xff, 0xff, 0xf7, 0xcd, 0x86, 0x30, 0x00, 0x00, 0x00, 0x00, 0x4a, 0xe4, 0xff, 0xff, 0xff, 0xcb,
  0xa6, 0xff, 0xff, 0xdc, 0x2e, 0x00, 0x00, 0x00, 0x41, 0xf9, 0xff, 0xff, 0xff, 0xff, 0xff, 0xff, 0xff, 0xff, 0xff, 0xff, 0xff, 0xff, 0xff, 0xff, 0xb3, 0x39, 0x00, 0x00, 0x00, 0x1c, 0xc8, 0xff, 0xff, 0xc3,
  0x16, 0xad, 0xaa, 0x1a, 0x00, 0x00, 0x00, 0x7f, 0xf2, 0xff, 0xff, 0xff, 0xff, 0xff, 0xff, 0xff, 0xee, 0xf4, 0xff, 0xff, 0xff, 0xff, 0xff, 0xff, 0xff, 0xff, 0x93, 0x0a, 0x00, 0x00, 0x0b, 0x9a, 0xaf, 0x20,
  0x00, 0x00, 0x00, 0x00, 0x00, 0x14, 0xbc, 0xff, 0xff, 0xff, 0xff, 0xff, 0xff, 0xff, 0xff, 0xff, 0xb9, 0x1b, 0x29, 0x4c, 0x84, 0xcb, 0xff, 0xff, 0xff, 0xff, 0xff, 0xcf, 0x24, 0x00, 0x00, 0x00, 0x00, 0x00,
  0x00, 0x00, 0x00, 0x00, 0x19, 0xd5, 0xff, 0xff, 0xff, 0xff, 0xbc, 0x56, 0xcc, 0xff, 0xff, 0xff, 0xff, 0x9a, 0x00, 0x00, 0x00, 0x00, 0x3d, 0xaf, 0xff, 0xff, 0xff, 0xff, 0xe6, 0x28, 0x00, 0x00, 0x00, 0x00,
  0x00, 0x00, 0x00, 0x00, 0x6f, 0xff, 0xff, 0xff, 0xf2, 0x61, 0x00, 0x00, 0x0e, 0xbe, 0xff, 0xff, 0xff, 0xff, 0xa3, 0x00, 0x00, 0x00, 0x00, 0x00, 0x50, 0xe5, 0xff, 0xff, 0xff, 0x8d, 0x00, 0x00, 0x00, 0x00,
  0x00, 0x00, 0x00, 0x00, 0x39, 0xfe, 0xff, 0xdd, 0x2d, 0x00, 0x00, 0x00, 0x0d, 0x7b, 0xfe, 0xff, 0xff, 0xff, 0xff, 0xc5, 0x72, 0x1c, 0x00, 0x00, 0x00, 0x1d, 0xcb, 0xff, 0xff, 0x4c, 0x00, 0x00, 0x00, 0x00,
  0x00, 0x00, 0x00, 0x00, 0x00, 0x3b, 0x6d, 0x18, 0x00, 0x00, 0x00, 0x76, 0xe9, 0xff, 0xff, 0xff, 0xff, 0xff, 0xff, 0xff, 0xff, 0xf1, 0x86, 0x08, 0x00, 0x00, 0x0b, 0x67, 0x44, 0x00, 0x00, 0x00, 0x00, 0x00,
  0x00, 0x00, 0x00, 0x00, 0x00, 0x00, 0x00, 0x00, 0x00, 0x13, 0xbb, 0xff, 0xff, 0xff, 0xff, 0xff, 0xff, 0xff, 0xff, 0xff, 0xff, 0xff, 0xff, 0xcd, 0x21, 0x00, 0x00, 0x00, 0x00, 0x00, 0x00, 0x00, 0x00, 0x00,
  0x00, 0x00, 0x00, 0x00, 0x00, 0x00, 0x00, 0x00, 0x08, 0xc6, 0xff, 0xff, 0xff, 0xff, 0xe4, 0xa4, 0x7f, 0xd2, 0xff, 0xff, 0xff, 0xff, 0xff, 0xff, 0xdd, 0x11, 0x00, 0x00, 0x00, 0x00, 0x00, 0x00, 0x00, 0x00,
  0x00, 0x00, 0x00, 0x00, 0x00, 0x00, 0x00, 0x00, 0x18, 0xff, 0xff, 0xff, 0xf3, 0x6e, 0x0d, 0x00, 0x00, 0x0c, 0xcf, 0xff, 0xff, 0xff, 0xff, 0xff, 0xff, 0x29, 0x00, 0x00, 0x00, 0x00, 0x00, 0x00, 0x00, 0x00,
  0x00, 0x00, 0x00, 0x00, 0x00, 0x00, 0x00, 0x00, 0x00, 0x8f, 0xfe, 0xda, 0x30, 0x00, 0x00, 0x00, 0x17, 0x13, 0x0b, 0xc4, 0xff, 0xff, 0xff, 0xff, 0xde, 0x03, 0x00, 0x00, 0x00, 0x00, 0x00, 0x00, 0x00, 0x00,
  0x00, 0x00, 0x00, 0x00, 0x00, 0x00, 0x00, 0x00, 0x00, 0x00, 0x26, 0x0b, 0x00, 0x00, 0x24, 0xb5, 0xf2, 0xf5, 0xb2, 0x39, 0xc2, 0xff, 0xff, 0xff, 0xfe, 0x9d, 0x00, 0x00, 0x00, 0x00, 0x00, 0x00, 0x00, 0x00,
  0x00, 0x00, 0x00, 0x00, 0x00, 0x00, 0x00, 0x00, 0x00, 0x00, 0x00, 0x00, 0x00, 0x14, 0xe1, 0xff, 0xff, 0xff, 0xff, 0xe2, 0x2c, 0xc5, 0xff, 0xff, 0xff, 0xff, 0x3e, 0x00, 0x00, 0x00, 0x00, 0x00, 0x00, 0x00,
  0x00, 0x00, 0x00, 0x00, 0x00, 0x00, 0x00, 0x00, 0x00, 0x00, 0x00, 0x00, 0x00, 0x7d, 0xff, 0xff, 0xff, 0xff, 0xff, 0xff, 0x8c, 0x0a, 0xd0, 0xff, 0xff, 0xff, 0x47, 0x00, 0x00, 0x00, 0x00, 0x00, 0x00, 0x00,
  0x00, 0x00, 0x00, 0x00, 0x00, 0x00, 0x00, 0x00, 0x00, 0x00, 0x00, 0x00, 0x00, 0xaf, 0xff, 0xff, 0xff, 0xff, 0xff, 0xff, 0xc8, 0x00, 0x14, 0xbd, 0xf3, 0xa4, 0x06, 0x00, 0x00, 0x00, 0x00, 0x00, 0x00, 0x00,
  0x00, 0x00, 0x00, 0x00, 0x00, 0x00, 0x00, 0x00, 0x00, 0x00, 0x00, 0x00, 0x00, 0x94, 0xff, 0xff, 0xff, 0xff, 0xff, 0xff, 0xaf, 0x00, 0x00, 0x00, 0x17, 0x00, 0x00, 0x00, 0x00, 0x00, 0x00, 0x00, 0x00, 0x00,
  0x00, 0x00, 0x00, 0x00, 0x00, 0x00, 0x00, 0x00, 0x00, 0x00, 0x00, 0x00, 0x00, 0x2f, 0xff, 0xff, 0xff, 0xff, 0xff, 0xff, 0x43, 0x00, 0x00, 0x00, 0x00, 0x00, 0x00, 0x00, 0x00, 0x00, 0x00, 0x00, 0x00, 0x00,
  0x00, 0x00, 0x00, 0x00, 0x00, 0x00, 0x00, 0x00, 0x00, 0x00, 0x00, 0x00, 0x00, 0x00, 0x56, 0xea, 0xff, 0xff, 0xf2, 0x6a, 0x00, 0x00, 0x00, 0x00, 0x00, 0x00, 0x00, 0x00, 0x00, 0x00, 0x00, 0x00, 0x00, 0x00,
  0x00, 0x00, 0x00, 0x00, 0x00, 0x00, 0x00, 0x00, 0x00, 0x00, 0x00, 0x00, 0x00, 0x00, 0x00, 0x0e, 0x3f, 0x42, 0x14, 0x00, 0x00, 0x00, 0x00, 0x00, 0x00, 0x00, 0x00, 0x00, 0x00, 0x00, 0x00, 0x00, 0x00, 0x00,
};

const lv_image_dsc_t ui_img_wifisym_Disable_png = {
    .header.w = 34,
    .header.h = 29,
    .data_size = sizeof(ui_img_wifisym_Disable_png_data),
    .header.cf = LV_COLOR_FORMAT_NATIVE_WITH_ALPHA,
    .header.magic = LV_IMAGE_HEADER_MAGIC,
    .data = ui_img_wifisym_Disable_png_data
};

